timestep,alphat_eff_gamelength_5,runtime_gamelength_5,game_length,winner,runtime,T_terminal,trajectory_0,trajectory_1,payoff_total,coll_payoff_0,coll_payoff_1,final_lead_payoff_0,final_lead_payoff_1,alphat_eff_gamelength_4,runtime_gamelength_4,alphat_eff_gamelength_3,runtime_gamelength_3,alphat_eff_gamelength_2,runtime_gamelength_2,alphat_eff_gamelength_1,runtime_gamelength_1,collisions,data_of_agent,run_num
0,0.9578262852211511,22.170332193374634,4.0,"[0, 0]",22.175764322280884,1,"[[1.0, 2.0, 0.0, 0], [3.0, 2.0, 0.0, 1]]","[[1.0, 4.0, 0.0, 0], [3.0, 4.0, 0.0, 1]]","[[0.499999999925, 0.499999999925], [0.7605937051415691, 0.7394062946334311]]",[1.0],[1.0],[0.521187410511316],[0.47881258948868305],,,,,,,,,0,0,5
1,,,3.0,"[0, 0]",14.65828561782837,1,"[[3.0, 2.0, 0.0, 0], [5.0, 2.0, 0.0, 1]]","[[1.0, 4.0, 1.5707963267948961, 0], [1.0, 5.0, 0.0, 1]]","[[0.499999999925, 0.499999999925], [0.8475566422156021, 0.6524433575593971]]",[1.0],[1.0],[0.6951132846854711],[0.30488671531452805],0.9363291775690441,14.65450406074524,,,,,,,0,0,5
2,,,2.0,"[0, 0]",9.531306505203247,1,"[[5.0, 2.0, 0.0, 0], [7.0, 2.0, 0.0, 1]]","[[1.0, 4.0, 1.5707963267948961, 0], [1.0, 5.0, 0.0, 1]]","[[0.499999999925, 0.499999999925], [0.891111887254001, 0.6088881125209981]]",[1.0],[1.0],[0.7822237747753361],[0.21777622522466303],,,0.8944271909999151,9.526754379272461,,,,,0,0,5
3,,,1.0,"[0, 0]",3.638305902481079,1,"[[7.0, 2.0, 0.0, 0], [9.0, 2.0, 0.0, 1]]","[[1.0, 4.0, 1.5707963267948961, 0], [1.0, 5.0, 0.0, 1]]","[[0.499999999925, 0.499999999925], [0.9237783210328011, 0.5762216787421981]]",[1.0],[1.0],[0.8475566423427351],[0.15244335765726402],,,,,0.8,3.634704828262329,,,0,0,5
4,,,0.0,"[0, 0]",0.808589935302734,1,"[[9.0, 2.0, 0.0, 0], [11.0, 2.0, -1.5707963267948961, 1]]","[[1.0, 5.0, 0.0, 0], [3.0, 5.0, 0.0, 1]]","[[0.499999999925, 0.499999999925], [0.923925874035566, 0.5760741257394331]]",[1.0],[1.0],[0.8478517483483111],[0.15214825165168902],,,,,,,0.554700196225229,0.80263066291809,0,0,5
5,,,0.0,"[0, 0]",0.7417356967926021,1,"[[11.0, 2.0, -1.5707963267948961, 0], [11.0, 1.0, -1.5707963267948961, 1]]","[[2.0, 5.0, 0.0, 0], [4.0, 5.0, -1.5707963267948961, 1]]","[[0.499999999925, 0.499999999925], [0.9130739510266581, 0.5869260487483411]]",[1.0],[1.0],[0.8261479023272381],[0.17385209767276102],,,,,,,0.6666666666666661,0.738391399383544,0,0,5
6,,,1.0,"[0, 0]",1.917614936828613,1,"[[11.0, 1.0, -1.5707963267948961, 0], [11.0, 1.0, 0.0, 1]]","[[3.0, 5.0, 0.0, 0], [5.0, 5.0, 0.0, 1]]","[[0.499999999925, 0.499999999925], [0.8913701050088411, 0.608629894766158]]",[1.0],[1.0],[0.7827402102850931],[0.217259789714906],,,,,1.0,1.914422750473022,,,0,0,5
7,,,1.0,"[0, 0]",2.091934204101562,1,"[[11.0, 1.0, 0.0, 0], [13.0, 1.0, 1.5707963267948961, 1]]","[[3.0, 5.0, 1.5707963267948961, 0], [3.0, 5.0, 0.0, 1]]","[[0.499999999925, 0.499999999925], [0.9348146852951661, 0.565185314479833]]",[1.0],[1.0],[0.8696293708707771],[0.130370629129222],,,,,1.0,2.089205265045166,,,0,0,5
8,,,1.0,"[0, 0]",3.463510513305664,1,"[[13.0, 1.0, 1.5707963267948961, 0], [13.0, 3.0, 1.5707963267948961, 1]]","[[3.0, 5.0, 3.141592653589793, 0], [3.0, 5.0, 4.71238898038469, 1]]","[[0.499999999925, 0.499999999925], [0.9348146852951661, 0.565185314479833]]",[1.0],[1.0],[0.8696293708707771],[0.130370629129222],,,,,0.8944271909999151,3.458073377609253,,,0,0,5
9,,,0.0,"[1, 0]",0.7338261604309081,1,"[[13.0, 3.0, 1.5707963267948961, 0], [13.0, 5.0, 1.5707963267948961, 1]]","[[1.0, 5.0, 4.71238898038469, 0], [0.9999999999999991, 4.0, 3.141592653589793, 1]]","[[0.499999999925, 0.499999999925], [0.99999999985, 0.499999999925]]",[1.0],[1.0],[1.0],[0.0],,,,,,,0.707106781186547,0.72906494140625,0,0,5
0,0.9578262852211511,0.7827951908111571,4.0,"[0, 0]",1.062500476837158,1,"[[1.0, 2.0, 0.0, 0], [1.0, 2.0, 1.5707963267948961, 1]]","[[1.0, 4.0, 0.0, 0], [1.0, 4.0, 1.5707963267948961, 1]]","[[0.499999999925, 0.499999999925], [0.7604461521388031, 0.739553847636196]]",[1.0],[1.0],[0.5208923045057411],[0.479107695494258],,,,,,,,,0,1,5
1,,,3.0,"[0, 0]",0.8609848022460931,1,"[[3.0, 2.0, 0.0, 0], [5.0, 2.0, 1.5707963267948961, 1]]","[[1.0, 4.0, 1.5707963267948961, 0], [1.0, 4.0, 1.5707963267948961, 1]]","[[0.499999999925, 0.499999999925], [0.8475566422156021, 0.6524433575593971]]",[1.0],[1.0],[0.6951132846854711],[0.30488671531452805],0.9363291775690441,0.659975051879882,,,,,,,0,1,5
2,,,2.0,"[0, 0]",0.6763985157012941,1,"[[5.0, 2.0, 0.0, 0], [7.0, 2.0, 1.5707963267948961, 1]]","[[1.0, 4.0, 1.5707963267948961, 0], [1.0, 4.0, 1.5707963267948961, 1]]","[[0.499999999925, 0.499999999925], [0.891111887254001, 0.6088881125209981]]",[1.0],[1.0],[0.7822237747753361],[0.21777622522466303],,,0.8944271909999151,0.5131204128265381,,,,,0,1,5
3,,,1.0,"[0, 0]",0.46811366081237704,1,"[[7.0, 2.0, 0.0, 0], [8.0, 2.0, -1.5707963267948961, 1]]","[[1.0, 4.0, 1.5707963267948961, 0], [1.0, 5.0, 0.0, 1]]","[[0.499999999925, 0.499999999925], [0.9020006985136011, 0.597999301261398]]",[1.0],[1.0],[0.8040013972978031],[0.19599860270219602],,,,,0.8,0.35013103485107405,,,0,1,5
4,,,0.0,"[0, 0]",0.28372955322265603,1,"[[9.0, 2.0, 0.0, 0], [10.0, 2.0, 1.5707963267948961, 1]]","[[1.0, 5.0, 0.0, 0], [2.0, 5.0, 0.0, 1]]","[[0.499999999925, 0.499999999925], [0.9238520975341841, 0.576147902240816]]",[1.0],[1.0],[0.8477041953455231],[0.152295804654476],,,,,,,0.554700196225229,0.215680837631225,0,1,5
5,,,0.0,"[0, 0]",0.301012992858886,1,"[[11.0, 2.0, -1.5707963267948961, 0], [11.0, 2.0, -1.5707963267948961, 1]]","[[2.0, 5.0, 0.0, 0], [3.0, 5.0, 0.0, 1]]","[[0.499999999925, 0.499999999925], [0.923925874035566, 0.5760741257394331]]",[1.0],[1.0],[0.8478517483483111],[0.15214825165168902],,,,,,,0.6666666666666661,0.229070901870727,0,1,5
6,,,1.0,"[0, 0]",0.47605752944946206,1,"[[11.0, 1.0, -1.5707963267948961, 0], [11.0, 1.0, 0.0, 1]]","[[3.0, 5.0, 0.0, 0], [3.0, 5.0, 1.5707963267948961, 1]]","[[0.499999999925, 0.499999999925], [0.923925874035566, 0.5760741257394331]]",[1.0],[1.0],[0.8478517483483111],[0.15214825165168902],,,,,1.0,0.37007188796997004,,,0,1,5
7,,,1.0,"[0, 0]",0.435639142990112,1,"[[11.0, 1.0, 0.0, 0], [13.0, 1.0, 1.5707963267948961, 1]]","[[3.0, 5.0, 1.5707963267948961, 0], [3.0, 5.0, 3.141592653589793, 1]]","[[0.499999999925, 0.499999999925], [0.9348146852951661, 0.565185314479833]]",[1.0],[1.0],[0.8696293708707771],[0.130370629129222],,,,,1.0,0.33099699020385703,,,0,1,5
8,,,1.0,"[0, 0]",0.45925760269165006,1,"[[13.0, 1.0, 1.5707963267948961, 0], [13.0, 2.0, 1.5707963267948961, 1]]","[[3.0, 5.0, 3.141592653589793, 0], [1.0, 5.0, 4.71238898038469, 1]]","[[0.499999999925, 0.499999999925], [0.9782223773308001, 0.521777622444199]]",[1.0],[1.0],[0.9564447549550671],[0.043555245044932],,,,,0.8944271909999151,0.32644009590148904,,,0,1,5
9,,,0.0,"[1, 0]",0.23110747337341303,1,"[[13.0, 3.0, 1.5707963267948961, 0], [13.0, 5.0, 0.0, 1]]","[[1.0, 5.0, 4.71238898038469, 0], [0.9999999999999991, 4.0, 4.71238898038469, 1]]","[[0.499999999925, 0.499999999925], [0.99999999985, 0.499999999925]]",[1.0],[1.0],[1.0],[0.0],,,,,,,0.707106781186547,0.161304712295532,0,1,5
0,0.9578262852211511,22.845432996749878,4.0,"[0, 0]",22.84913158416748,1,"[[1.0, 2.0, 0.0, 0], [3.0, 2.0, 0.0, 1]]","[[1.0, 4.0, 0.0, 0], [3.0, 4.0, 0.0, 1]]","[[0.499999999925, 0.499999999925], [0.7605937051415691, 0.7394062946334311]]",[1.0],[1.0],[0.521187410511316],[0.47881258948868305],,,,,,,,,0,0,8
1,,,3.0,"[0, 0]",16.13763451576233,1,"[[3.0, 2.0, 0.0, 0], [5.0, 2.0, 0.0, 1]]","[[2.0, 4.0, -1.5707963267948961, 0], [2.0, 2.0, -1.5707963267948961, 1]]","[[0.499999999925, 0.499999999925], [0.815000873188876, 0.684999126586123]]",[1.0],[1.0],[0.630001746622254],[0.369998253377745],0.9363291775690441,16.130205392837524,,,,,,,0,0,8
2,,,2.0,"[0, 0]",10.416538000106812,1,"[[5.0, 2.0, 0.0, 0], [7.0, 2.0, 0.0, 1]]","[[2.0, 2.0, 0.0, 0], [4.0, 2.0, 1.5707963267948961, 1]]","[[0.499999999925, 0.499999999925], [0.8151484261916421, 0.684851573583357]]",[1.0],[1.0],[0.6302968526278291],[0.36970314737217],,,0.8944271909999151,10.411619186401367,,,,,0,0,8
3,,,1.0,"[0, 0]",4.817591905593872,1,"[[7.0, 2.0, 0.0, 0], [9.0, 2.0, 0.0, 1]]","[[4.0, 2.0, 0.0, 0], [6.0, 2.0, 0.0, 1]]","[[0.499999999925, 0.499999999925], [0.8152590909437161, 0.684740908831283]]",[1.0],[1.0],[0.63051818213201],[0.369481817867989],,,,,0.8,4.813592195510864,,,0,0,8
4,,,0.0,"[0, 0]",0.839030265808105,1,"[[9.0, 2.0, 0.0, 0], [11.0, 2.0, 0.0, 1]]","[[4.0, 2.0, 1.5707963267948961, 0], [4.0, 2.0, 3.141592653589793, 1]]","[[0.499999999925, 0.499999999925], [0.8913701050088411, 0.608629894766158]]",[1.0],[1.0],[0.7827402102850931],[0.217259789714906],,,,,,,0.554700196225229,0.8343651294708251,0,0,8
5,,,0.0,"[0, 0]",0.837179899215698,1,"[[11.0, 2.0, 0.0, 0], [12.0, 2.0, -1.5707963267948961, 1]]","[[4.0, 2.0, 3.141592653589793, 0], [4.0, 2.0, 4.71238898038469, 1]]","[[0.499999999925, 0.499999999925], [0.9022589162684401, 0.5977410835065591]]",[1.0],[1.0],[0.8045178328075591],[0.19548216719244002],,,,,,,0.6666666666666661,0.831125974655151,0,0,8
6,,,0.0,"[0, 0]",0.9027361869812011,1,"[[12.0, 2.0, -1.5707963267948961, 0], [12.0, 1.0, -1.5707963267948961, 1]]","[[3.0, 2.0, 1.5707963267948961, 0], [3.0, 2.0, 3.141592653589793, 1]]","[[0.499999999925, 0.499999999925], [0.9239627622862571, 0.576037237488742]]",[1.0],[1.0],[0.8479255248497041],[0.152074475150295],,,,,,,0.632455532033675,0.8987784385681151,0,0,8
7,,,1.0,"[0, 0]",2.079709768295288,1,"[[12.0, 1.0, -1.5707963267948961, 0], [12.0, 1.0, 0.0, 1]]","[[3.0, 2.0, 3.141592653589793, 0], [3.0, 2.0, 4.71238898038469, 1]]","[[0.499999999925, 0.499999999925], [0.9239627622862571, 0.576037237488742]]",[1.0],[1.0],[0.8479255248497041],[0.152074475150295],,,,,0.9701425001453311,2.07633900642395,,,0,0,8
8,,,1.0,"[0, 0]",2.26219892501831,1,"[[12.0, 1.0, 0.0, 0], [12.0, 1.0, 0.0, 1]]","[[1.0, 2.0, 4.71238898038469, 0], [1.0, 2.0, 0.0, 1]]","[[0.499999999925, 0.499999999925], [0.9782223773308001, 0.521777622444199]]",[1.0],[1.0],[0.9564447549550671],[0.043555245044932],,,,,0.9701425001453311,2.259458065032959,,,0,0,8
9,,,1.0,"[0, 0]",3.4589755535125732,1,"[[12.0, 1.0, 0.0, 0], [12.0, 1.0, 1.5707963267948961, 1]]","[[0.9999999999999991, 1.0, 0.0, 0], [3.0, 1.0, 0.0, 1]]","[[0.499999999925, 0.499999999925], [0.9239627622862571, 0.576037237488742]]",[1.0],[1.0],[0.8479255248497041],[0.152074475150295],,,,,0.9701425001453311,3.455375671386718,,,0,0,8
0,0.9578262852211511,0.8545844554901121,4.0,"[0, 0]",1.1268501281738281,1,"[[1.0, 2.0, 0.0, 0], [3.0, 2.0, 1.5707963267948961, 1]]","[[1.0, 4.0, 0.0, 0], [2.0, 4.0, -1.5707963267948961, 1]]","[[0.499999999925, 0.499999999925], [0.782297551159386, 0.717702448615613]]",[1.0],[1.0],[0.564595102553461],[0.43540489744653804],,,,,,,,,0,1,8
1,,,3.0,"[0, 0]",0.852146863937377,1,"[[3.0, 2.0, 0.0, 0], [5.0, 2.0, -1.5707963267948961, 1]]","[[2.0, 4.0, -1.5707963267948961, 0], [2.0, 2.0, 0.0, 1]]","[[0.499999999925, 0.499999999925], [0.815000873188876, 0.684999126586123]]",[1.0],[1.0],[0.630001746622254],[0.369998253377745],0.9363291775690441,0.607871532440185,,,,,,,0,1,8
2,,,2.0,"[0, 0]",0.6506195068359371,1,"[[5.0, 2.0, 0.0, 0], [5.0, 2.0, -1.5707963267948961, 1]]","[[2.0, 2.0, 0.0, 0], [4.0, 2.0, 0.0, 1]]","[[0.499999999925, 0.499999999925], [0.771593181153242, 0.728406818621757]]",[1.0],[1.0],[0.543186362537963],[0.456813637462036],,,0.8944271909999151,0.47460651397705006,,,,,0,1,8
3,,,1.0,"[0, 0]",0.48201441764831504,1,"[[7.0, 2.0, 0.0, 0], [7.0, 2.0, -1.5707963267948961, 1]]","[[4.0, 2.0, 0.0, 0], [4.0, 2.0, 1.5707963267948961, 1]]","[[0.499999999925, 0.499999999925], [0.8151484261916421, 0.684851573583357]]",[1.0],[1.0],[0.6302968526278291],[0.36970314737217],,,,,0.8,0.356722593307495,,,0,1,8
4,,,0.0,"[0, 0]",0.30688214302062905,1,"[[9.0, 2.0, 0.0, 0], [10.0, 2.0, -1.5707963267948961, 1]]","[[4.0, 2.0, 1.5707963267948961, 0], [4.0, 2.0, 3.141592653589793, 1]]","[[0.499999999925, 0.499999999925], [0.869592482489641, 0.630407517285358]]",[1.0],[1.0],[0.7391849652401601],[0.260815034759839],,,,,,,0.554700196225229,0.23319721221923803,0,1,8
5,,,0.0,"[0, 0]",0.308701515197753,1,"[[11.0, 2.0, 0.0, 0], [11.0, 2.0, 0.0, 1]]","[[4.0, 2.0, 3.141592653589793, 0], [3.0, 2.0, 1.5707963267948961, 1]]","[[0.499999999925, 0.499999999925], [0.9130739510266581, 0.5869260487483411]]",[1.0],[1.0],[0.8261479023272381],[0.17385209767276102],,,,,,,0.6666666666666661,0.239661931991577,0,1,8
6,,,0.0,"[0, 0]",0.272088766098022,1,"[[12.0, 2.0, -1.5707963267948961, 0], [12.0, 2.0, -3.141592653589793, 1]]","[[3.0, 2.0, 1.5707963267948961, 0], [3.0, 2.0, 3.141592653589793, 1]]","[[0.499999999925, 0.499999999925], [0.9239627622862571, 0.576037237488742]]",[1.0],[1.0],[0.8479255248497041],[0.152074475150295],,,,,,,0.632455532033675,0.212837696075439,0,1,8
7,,,1.0,"[0, 0]",0.49180054664611805,1,"[[12.0, 1.0, -1.5707963267948961, 0], [12.0, 1.0, -1.5707963267948961, 1]]","[[3.0, 2.0, 3.141592653589793, 0], [1.0, 2.0, 4.71238898038469, 1]]","[[0.499999999925, 0.499999999925], [0.9782223773308001, 0.521777622444199]]",[1.0],[1.0],[0.9564447549550671],[0.043555245044932],,,,,0.9701425001453311,0.39354825019836404,,,0,1,8
8,,,1.0,"[0, 0]",0.47125506401062006,1,"[[12.0, 1.0, 0.0, 0], [12.0, 1.0, 0.0, 1]]","[[1.0, 2.0, 4.71238898038469, 0], [0.9999999999999991, 1.0, 0.0, 1]]","[[0.499999999925, 0.499999999925], [0.9782223773308001, 0.521777622444199]]",[1.0],[1.0],[0.9564447549550671],[0.043555245044932],,,,,0.9701425001453311,0.379310846328735,,,0,1,8
9,,,1.0,"[0, 0]",0.48076200485229403,1,"[[12.0, 1.0, 0.0, 0], [13.0, 1.0, 1.5707963267948961, 1]]","[[0.9999999999999991, 1.0, 0.0, 0], [3.0, 1.0, 0.0, 1]]","[[0.499999999925, 0.499999999925], [0.9239627622862571, 0.576037237488742]]",[1.0],[1.0],[0.8479255248497041],[0.152074475150295],,,,,0.9701425001453311,0.374453067779541,,,0,1,8
0,0.9578262852211511,24.288371801376343,4.0,"[0, 0]",24.2941255569458,1,"[[1.0, 2.0, 0.0, 0], [3.0, 2.0, 0.0, 1]]","[[1.0, 4.0, 0.0, 0], [3.0, 4.0, 0.0, 1]]","[[0.499999999925, 0.499999999925], [0.7605937051415691, 0.7394062946334311]]",[1.0],[1.0],[0.521187410511316],[0.47881258948868305],,,,,,,,,0,0,2
1,,,3.0,"[0, 0]",15.5606849193573,1,"[[3.0, 2.0, 0.0, 0], [5.0, 2.0, 0.0, 1]]","[[2.0, 4.0, 1.5707963267948961, 0], [2.0, 5.0, 0.0, 1]]","[[0.499999999925, 0.499999999925], [0.8258527961977851, 0.674147203577214]]",[1.0],[1.0],[0.6517055926433261],[0.34829440735667305],0.9363291775690441,15.556888103485107,,,,,,,0,0,2
2,,,2.0,"[0, 0]",10.010148763656616,1,"[[5.0, 2.0, 0.0, 0], [7.0, 2.0, 0.0, 1]]","[[2.0, 4.0, 1.5707963267948961, 0], [2.0, 5.0, 0.0, 1]]","[[0.499999999925, 0.499999999925], [0.8694080412361841, 0.630591958538815]]",[1.0],[1.0],[0.7388160827331911],[0.261183917266808],,,0.8944271909999151,10.005962371826172,,,,,0,0,2
3,,,1.0,"[0, 0]",4.06426191329956,1,"[[7.0, 2.0, 0.0, 0], [9.0, 2.0, 0.0, 1]]","[[2.0, 4.0, 3.141592653589793, 0], [2.0, 4.0, 4.71238898038469, 1]]","[[0.499999999925, 0.499999999925], [0.9020744750149841, 0.597925524760015]]",[1.0],[1.0],[0.8041489503005901],[0.195851049699409],,,,,0.8,4.060585260391235,,,0,0,2
4,,,0.0,"[0, 0]",0.803990840911865,1,"[[9.0, 2.0, 0.0, 0], [11.0, 2.0, -1.5707963267948961, 1]]","[[2.0, 4.0, 1.5707963267948961, 0], [2.0, 5.0, 1.5707963267948961, 1]]","[[0.499999999925, 0.499999999925], [0.9456297200533831, 0.554370279721616]]",[1.0],[1.0],[0.891259440390456],[0.10874055960954301],,,,,,,0.554700196225229,0.7999134063720701,0,0,2
5,,,0.0,"[0, 0]",0.8401474952697751,1,"[[11.0, 2.0, -1.5707963267948961, 0], [11.0, 1.0, -3.141592653589793, 1]]","[[2.0, 4.0, 3.141592653589793, 0], [2.0, 4.0, 4.71238898038469, 1]]","[[0.499999999925, 0.499999999925], [0.9456297200533831, 0.554370279721616]]",[1.0],[1.0],[0.891259440390456],[0.10874055960954301],,,,,,,0.6666666666666661,0.8363766670227051,0,0,2
6,,,1.0,"[0, 0]",1.653920173645019,1,"[[11.0, 1.0, -3.141592653589793, 0], [11.0, 1.0, -4.71238898038469, 1]]","[[2.0, 4.0, 1.5707963267948961, 0], [2.0, 4.0, 0.0, 1]]","[[0.499999999925, 0.499999999925], [0.9456297200533831, 0.554370279721616]]",[1.0],[1.0],[0.891259440390456],[0.10874055960954301],,,,,1.0,1.650742053985595,,,0,0,2
7,,,1.0,"[0, 0]",4.5270161628723145,1,"[[11.0, 1.0, -4.71238898038469, 0], [11.0, 3.0, -4.71238898038469, 1]]","[[2.0, 4.0, 0.0, 0], [4.0, 4.0, 0.0, 1]]","[[0.499999999925, 0.499999999925], [0.913110839277349, 0.58688916049765]]",[1.0],[1.0],[0.8262216788286321],[0.17377832117136702],,,,,1.0,4.523272275924683,,,0,0,2
8,,,0.0,"[1, 0]",0.6956634521484371,1,"[[11.0, 3.0, -4.71238898038469, 0], [11.0, 5.0, -0.0, 1]]","[[2.0, 4.0, 1.5707963267948961, 0], [2.0, 5.0, 3.141592653589793, 1]]","[[0.499999999925, 0.499999999925], [0.978296153832183, 0.521703845942816]]",[1.0],[1.0],[0.9565923079578541],[0.043407692042145],,,,,,,1.0,0.6920595169067381,0,0,2
0,0.9578262852211511,0.8285772800445551,4.0,"[0, 0]",1.108377695083618,1,"[[1.0, 2.0, 0.0, 0], [1.0, 2.0, 1.5707963267948961, 1]]","[[1.0, 4.0, 0.0, 0], [2.0, 4.0, 1.5707963267948961, 1]]","[[0.499999999925, 0.499999999925], [0.738742306120986, 0.7612576936540131]]",[1.0],[1.0],[0.477484612463596],[0.522515387536403],,,,,,,,,0,1,2
1,,,3.0,"[0, 0]",0.866176843643188,1,"[[3.0, 2.0, 0.0, 0], [4.0, 2.0, 1.5707963267948961, 1]]","[[2.0, 4.0, 1.5707963267948961, 0], [2.0, 4.0, 1.5707963267948961, 1]]","[[0.499999999925, 0.499999999925], [0.804075173678585, 0.695924826096414]]",[1.0],[1.0],[0.608150347598394],[0.391849652401606],0.9363291775690441,0.650264501571655,,,,,,,0,1,2
2,,,2.0,"[0, 0]",0.687007904052734,1,"[[5.0, 2.0, 0.0, 0], [6.0, 2.0, 0.0, 1]]","[[2.0, 4.0, 1.5707963267948961, 0], [2.0, 4.0, 3.141592653589793, 1]]","[[0.499999999925, 0.499999999925], [0.8476304187169851, 0.652369581058014]]",[1.0],[1.0],[0.6952608376882591],[0.30473916231174003],,,0.8944271909999151,0.507056951522827,,,,,0,1,2
3,,,1.0,"[0, 0]",0.460809230804443,1,"[[7.0, 2.0, 0.0, 0], [8.0, 2.0, 0.0, 1]]","[[2.0, 4.0, 3.141592653589793, 0], [2.0, 4.0, 1.5707963267948961, 1]]","[[0.499999999925, 0.499999999925], [0.880296852495784, 0.619703147279215]]",[1.0],[1.0],[0.7605937052556581],[0.23940629474434102],,,,,0.8,0.337388038635253,,,0,1,2
4,,,0.0,"[0, 0]",0.330020904541015,1,"[[9.0, 2.0, 0.0, 0], [11.0, 2.0, 1.5707963267948961, 1]]","[[2.0, 4.0, 1.5707963267948961, 0], [2.0, 4.0, 3.141592653589793, 1]]","[[0.499999999925, 0.499999999925], [0.9456297200533831, 0.554370279721616]]",[1.0],[1.0],[0.891259440390456],[0.10874055960954301],,,,,,,0.554700196225229,0.270582199096679,0,1,2
5,,,0.0,"[0, 0]",0.27003407478332503,1,"[[11.0, 2.0, -1.5707963267948961, 0], [11.0, 1.0, 0.0, 1]]","[[2.0, 4.0, 3.141592653589793, 0], [2.0, 4.0, 1.5707963267948961, 1]]","[[0.499999999925, 0.499999999925], [0.9456297200533831, 0.554370279721616]]",[1.0],[1.0],[0.891259440390456],[0.10874055960954301],,,,,,,0.6666666666666661,0.21357655525207503,0,1,2
6,,,1.0,"[0, 0]",0.43789386749267506,1,"[[11.0, 1.0, -3.141592653589793, 0], [11.0, 1.0, -3.141592653589793, 1]]","[[2.0, 4.0, 1.5707963267948961, 0], [2.0, 4.0, 0.0, 1]]","[[0.499999999925, 0.499999999925], [0.9456297200533831, 0.554370279721616]]",[1.0],[1.0],[0.891259440390456],[0.10874055960954301],,,,,1.0,0.35007095336914,,,0,1,2
7,,,1.0,"[0, 0]",0.5301880836486811,1,"[[11.0, 1.0, -4.71238898038469, 0], [11.0, 2.0, -4.71238898038469, 1]]","[[2.0, 4.0, 0.0, 0], [2.0, 4.0, 1.5707963267948961, 1]]","[[0.499999999925, 0.499999999925], [0.9456297200533831, 0.554370279721616]]",[1.0],[1.0],[0.891259440390456],[0.10874055960954301],,,,,1.0,0.40848779678344704,,,0,1,2
8,,,0.0,"[0, 0]",0.28797245025634705,1,"[[11.0, 3.0, -4.71238898038469, 0], [11.0, 3.0, -4.71238898038469, 1]]","[[2.0, 4.0, 1.5707963267948961, 0], [2.0, 4.0, 3.141592653589793, 1]]","[[0.499999999925, 0.499999999925], [0.956518531312983, 0.5434814684620161]]",[1.0],[1.0],[0.9130370629129221],[0.086962937087077],,,,,,,1.0,0.22171854972839303,0,1,2
0,0.9578262852211511,22.249058961868286,4.0,"[0, 0]",22.254371643066406,1,"[[1.0, 2.0, 0.0, 0], [3.0, 2.0, 0.0, 1]]","[[1.0, 4.0, 0.0, 0], [3.0, 4.0, 0.0, 1]]","[[0.499999999925, 0.499999999925], [0.7605937051415691, 0.7394062946334311]]",[1.0],[1.0],[0.521187410511316],[0.47881258948868305],,,,,,,,,0,0,1
1,,,3.0,"[0, 0]",15.303719282150269,1,"[[3.0, 2.0, 0.0, 0], [5.0, 2.0, 0.0, 1]]","[[3.0, 4.0, 1.5707963267948961, 0], [3.0, 5.0, 0.0, 1]]","[[0.499999999925, 0.499999999925], [0.804148950179968, 0.6958510495950311]]",[1.0],[1.0],[0.608297900601181],[0.391702099398818],0.9363291775690441,15.29948902130127,,,,,,,0,0,1
2,,,2.0,"[0, 0]",9.99389386177063,1,"[[5.0, 2.0, 0.0, 0], [7.0, 2.0, 0.0, 1]]","[[3.0, 5.0, 3.141592653589793, 0], [3.0, 5.0, 4.71238898038469, 1]]","[[0.499999999925, 0.499999999925], [0.847704195218367, 0.652295804556632]]",[1.0],[1.0],[0.6954083906910461],[0.304591609308953],,,0.8944271909999151,9.988576412200928,,,,,0,0,1
3,,,1.0,"[0, 0]",3.224018573760986,1,"[[7.0, 2.0, 0.0, 0], [9.0, 2.0, 0.0, 1]]","[[1.0, 5.0, 1.5707963267948961, 0], [1.0, 5.0, 0.0, 1]]","[[0.499999999925, 0.499999999925], [0.9237783210328011, 0.5762216787421981]]",[1.0],[1.0],[0.8475566423427351],[0.15244335765726402],,,,,0.8,3.220847606658935,,,0,0,1
4,,,0.0,"[0, 0]",0.9874362945556641,1,"[[9.0, 2.0, 0.0, 0], [11.0, 2.0, 1.5707963267948961, 1]]","[[1.0, 5.0, 0.0, 0], [3.0, 5.0, -1.5707963267948961, 1]]","[[0.499999999925, 0.499999999925], [0.923925874035566, 0.5760741257394331]]",[1.0],[1.0],[0.8478517483483111],[0.15214825165168902],,,,,,,0.554700196225229,0.979987621307373,0,0,1
5,,,0.0,"[0, 0]",0.882795095443725,1,"[[11.0, 2.0, 1.5707963267948961, 0], [11.0, 4.0, 3.141592653589793, 1]]","[[1.0, 5.0, 1.5707963267948961, 0], [1.0, 5.0, 1.5707963267948961, 1]]","[[0.499999999925, 0.499999999925], [0.9782223773308001, 0.521777622444199]]",[1.0],[1.0],[0.9564447549550671],[0.043555245044932],,,,,,,0.6666666666666661,0.8789701461791991,0,0,1
6,,,,"[0, 0]",0.000123739242553,0,"[[11.0, 4.0, 3.141592653589793, 0]]","[[1.0, 5.0, 0.0, 0]]","[[0.47822237740580004, 0.021777622519199003]]",,,[0.9564447549550671],[0.043555245044932],,,,,,,,,0,0,1
7,,,,"[0, 0]",0.00014758110046300002,0,"[[11.0, 4.0, 3.141592653589793, 0]]","[[1.0, 5.0, 0.0, 0]]","[[0.47822237740580004, 0.021777622519199003]]",,,[0.9564447549550671],[0.043555245044932],,,,,,,,,0,0,1
8,,,,"[0, 0]",0.00018286705017,0,"[[11.0, 4.0, 3.141592653589793, 0]]","[[1.0, 5.0, 0.0, 0]]","[[0.47822237740580004, 0.021777622519199003]]",,,[0.9564447549550671],[0.043555245044932],,,,,,,,,0,0,1
9,,,,"[0, 0]",0.000190258026123,0,"[[11.0, 4.0, 3.141592653589793, 0]]","[[1.0, 5.0, 0.0, 0]]","[[0.47822237740580004, 0.021777622519199003]]",,,[0.9564447549550671],[0.043555245044932],,,,,,,,,0,0,1
0,0.9578262852211511,0.7522640228271481,4.0,"[0, 0]",1.051593542098999,1,"[[1.0, 2.0, 0.0, 0], [1.0, 2.0, -1.5707963267948961, 1]]","[[1.0, 4.0, 0.0, 0], [3.0, 4.0, 1.5707963267948961, 1]]","[[0.499999999925, 0.499999999925], [0.7170384601031691, 0.78296153967183]]",[1.0],[1.0],[0.434076920421451],[0.565923079578548],,,,,,,,,0,1,1
1,,,3.0,"[0, 0]",0.8543894290924071,1,"[[3.0, 2.0, 0.0, 0], [3.0, 2.0, 0.0, 1]]","[[3.0, 4.0, 1.5707963267948961, 0], [3.0, 5.0, 3.141592653589793, 1]]","[[0.499999999925, 0.499999999925], [0.7605937051415691, 0.7394062946334311]]",[1.0],[1.0],[0.521187410511316],[0.47881258948868305],0.9363291775690441,0.631044149398803,,,,,,,0,1,1
2,,,2.0,"[0, 0]",0.7385063171386711,1,"[[5.0, 2.0, 0.0, 0], [7.0, 2.0, 1.5707963267948961, 1]]","[[3.0, 5.0, 3.141592653589793, 0], [1.0, 5.0, 1.5707963267948961, 1]]","[[0.499999999925, 0.499999999925], [0.891111887254001, 0.6088881125209981]]",[1.0],[1.0],[0.7822237747753361],[0.21777622522466303],,,0.8944271909999151,0.5341994762420651,,,,,0,1,1
3,,,1.0,"[0, 0]",0.584233283996582,1,"[[7.0, 2.0, 0.0, 0], [8.0, 2.0, -1.5707963267948961, 1]]","[[1.0, 5.0, 1.5707963267948961, 0], [1.0, 5.0, 0.0, 1]]","[[0.499999999925, 0.499999999925], [0.9020006985136011, 0.597999301261398]]",[1.0],[1.0],[0.8040013972978031],[0.19599860270219602],,,,,0.8,0.46513676643371504,,,0,1,1
4,,,0.0,"[0, 0]",0.31941151618957503,1,"[[9.0, 2.0, 0.0, 0], [11.0, 2.0, -1.5707963267948961, 1]]","[[1.0, 5.0, 0.0, 0], [1.0, 5.0, 1.5707963267948961, 1]]","[[0.499999999925, 0.499999999925], [0.9673335660712, 0.5326664337037991]]",[1.0],[1.0],[0.934667132432601],[0.065332867567398],,,,,,,0.554700196225229,0.23192763328552202,0,1,1
5,,,0.0,"[0, 0]",0.27794218063354403,1,"[[11.0, 2.0, 1.5707963267948961, 0], [11.0, 4.0, 1.5707963267948961, 1]]","[[1.0, 5.0, 1.5707963267948961, 0], [1.0, 5.0, 0.0, 1]]","[[0.499999999925, 0.499999999925], [0.9782223773308001, 0.521777622444199]]",[1.0],[1.0],[0.9564447549550671],[0.043555245044932],,,,,,,0.6666666666666661,0.22406148910522403,0,1,1
6,,,,"[0, 0]",0.00026583671569800003,0,"[[11.0, 4.0, 3.141592653589793, 0]]","[[1.0, 5.0, 0.0, 0]]","[[0.47822237740580004, 0.021777622519199003]]",,,[0.9564447549550671],[0.043555245044932],,,,,,,,,0,1,1
7,,,,"[0, 0]",0.00019311904907200002,0,"[[11.0, 4.0, 3.141592653589793, 0]]","[[1.0, 5.0, 0.0, 0]]","[[0.47822237740580004, 0.021777622519199003]]",,,[0.9564447549550671],[0.043555245044932],,,,,,,,,0,1,1
8,,,,"[0, 0]",0.00026726722717200003,0,"[[11.0, 4.0, 3.141592653589793, 0]]","[[1.0, 5.0, 0.0, 0]]","[[0.47822237740580004, 0.021777622519199003]]",,,[0.9564447549550671],[0.043555245044932],,,,,,,,,0,1,1
9,,,,"[0, 0]",0.00029277801513600003,0,"[[11.0, 4.0, 3.141592653589793, 0]]","[[1.0, 5.0, 0.0, 0]]","[[0.47822237740580004, 0.021777622519199003]]",,,[0.9564447549550671],[0.043555245044932],,,,,,,,,0,1,1
0,0.9578262852211511,23.8832905292511,4.0,"[0, 0]",23.888226985931396,1,"[[1.0, 2.0, 0.0, 0], [3.0, 2.0, 0.0, 1]]","[[1.0, 4.0, 0.0, 0], [3.0, 4.0, 0.0, 1]]","[[0.499999999925, 0.499999999925], [0.7605937051415691, 0.7394062946334311]]",[1.0],[1.0],[0.521187410511316],[0.47881258948868305],,,,,,,,,0,0,4
1,,,3.0,"[0, 0]",16.792786359786987,1,"[[3.0, 2.0, 0.0, 0], [5.0, 2.0, 0.0, 1]]","[[3.0, 4.0, 0.0, 0], [5.0, 4.0, 0.0, 1]]","[[0.499999999925, 0.499999999925], [0.760741258144334, 0.7392587416306651]]",[1.0],[1.0],[0.521482516516891],[0.478517483483108],0.9363291775690441,16.78800678253174,,,,,,,0,0,4
2,,,2.0,"[0, 0]",10.624838590621948,1,"[[5.0, 2.0, 0.0, 0], [7.0, 2.0, 0.0, 1]]","[[5.0, 4.0, -1.5707963267948961, 0], [5.0, 4.0, 0.0, 1]]","[[0.499999999925, 0.499999999925], [0.804296503182733, 0.695703496592266]]",[1.0],[1.0],[0.6085930066067561],[0.39140699339324303],,,0.8944271909999151,10.620954513549805,,,,,0,0,4
3,,,1.0,"[0, 0]",4.236395597457886,1,"[[7.0, 2.0, 0.0, 0], [9.0, 2.0, 0.0, 1]]","[[5.0, 3.0, -1.5707963267948961, 0], [5.0, 1.0, 0.0, 1]]","[[0.499999999925, 0.499999999925], [0.8261110139526241, 0.673888985822375]]",[1.0],[1.0],[0.6522220281530821],[0.347777971846917],,,,,0.8,4.231746912002563,,,0,0,4
4,,,0.0,"[0, 0]",0.798022508621215,1,"[[9.0, 2.0, 0.0, 0], [11.0, 2.0, 1.5707963267948961, 1]]","[[5.0, 1.0, 0.0, 0], [7.0, 1.0, 0.0, 1]]","[[0.499999999925, 0.499999999925], [0.82625856695539, 0.6737414328196091]]",[1.0],[1.0],[0.6525171341586571],[0.347482865841342],,,,,,,0.554700196225229,0.793350934982299,0,0,4
5,,,0.0,"[0, 0]",0.8371005058288571,1,"[[11.0, 2.0, 1.5707963267948961, 0], [11.0, 4.0, 3.141592653589793, 1]]","[[7.0, 1.0, 1.5707963267948961, 0], [7.0, 1.0, 0.0, 1]]","[[0.499999999925, 0.499999999925], [0.8371473782149901, 0.66285262156001]]",[1.0],[1.0],[0.674294756681124],[0.325705243318875],,,,,,,0.6666666666666661,0.831566572189331,0,0,4
6,,,,"[0, 0]",0.00014257431030200002,0,"[[11.0, 4.0, 3.141592653589793, 0]]","[[7.0, 1.0, 1.5707963267948961, 0]]","[[0.33714737828999003, 0.16285262163501]]",,,[0.674294756681124],[0.325705243318875],,,,,,,,,0,0,4
7,,,,"[0, 0]",0.000179767608642,0,"[[11.0, 4.0, 3.141592653589793, 0]]","[[7.0, 1.0, 1.5707963267948961, 0]]","[[0.33714737828999003, 0.16285262163501]]",,,[0.674294756681124],[0.325705243318875],,,,,,,,,0,0,4
8,,,,"[0, 0]",0.000161409378051,0,"[[11.0, 4.0, 3.141592653589793, 0]]","[[7.0, 1.0, 1.5707963267948961, 0]]","[[0.33714737828999003, 0.16285262163501]]",,,[0.674294756681124],[0.325705243318875],,,,,,,,,0,0,4
9,,,,"[0, 0]",0.00028681755065900004,0,"[[11.0, 4.0, 3.141592653589793, 0]]","[[7.0, 1.0, 1.5707963267948961, 0]]","[[0.33714737828999003, 0.16285262163501]]",,,[0.674294756681124],[0.325705243318875],,,,,,,,,0,0,4
0,0.9578262852211511,0.7866020202636711,4.0,"[0, 0]",1.072657346725463,1,"[[1.0, 2.0, 0.0, 0], [3.0, 2.0, 0.0, 1]]","[[1.0, 4.0, 0.0, 0], [3.0, 4.0, 0.0, 1]]","[[0.499999999925, 0.499999999925], [0.7605937051415691, 0.7394062946334311]]",[1.0],[1.0],[0.521187410511316],[0.47881258948868305],,,,,,,,,0,1,4
1,,,3.0,"[0, 0]",0.853101968765258,1,"[[3.0, 2.0, 0.0, 0], [5.0, 2.0, 0.0, 1]]","[[3.0, 4.0, 0.0, 0], [5.0, 4.0, -1.5707963267948961, 1]]","[[0.499999999925, 0.499999999925], [0.760741258144334, 0.7392587416306651]]",[1.0],[1.0],[0.521482516516891],[0.478517483483108],0.9363291775690441,0.613735914230346,,,,,,,0,1,4
2,,,2.0,"[0, 0]",0.659070968627929,1,"[[5.0, 2.0, 0.0, 0], [6.0, 2.0, 0.0, 1]]","[[5.0, 4.0, -1.5707963267948961, 0], [5.0, 3.0, -1.5707963267948961, 1]]","[[0.499999999925, 0.499999999925], [0.782518880663534, 0.7174811191114651]]",[1.0],[1.0],[0.5650377615618241],[0.43496223843817605],,,0.8944271909999151,0.47666716575622503,,,,,0,1,4
3,,,1.0,"[0, 0]",0.621956586837768,1,"[[7.0, 2.0, 0.0, 0], [8.0, 2.0, 1.5707963267948961, 1]]","[[5.0, 3.0, -1.5707963267948961, 0], [5.0, 1.0, 0.0, 1]]","[[0.499999999925, 0.499999999925], [0.8043333914334251, 0.695666608341574]]",[1.0],[1.0],[0.60866678310815],[0.391333216891849],,,,,0.8,0.481110334396362,,,0,1,4
4,,,0.0,"[0, 0]",0.291260719299316,1,"[[9.0, 2.0, 0.0, 0], [11.0, 2.0, -1.5707963267948961, 1]]","[[5.0, 1.0, 0.0, 0], [7.0, 1.0, 1.5707963267948961, 1]]","[[0.499999999925, 0.499999999925], [0.82625856695539, 0.6737414328196091]]",[1.0],[1.0],[0.6525171341586571],[0.347482865841342],,,,,,,0.554700196225229,0.22169542312622,0,1,4
5,,,0.0,"[0, 0]",0.288831949234008,1,"[[11.0, 2.0, 1.5707963267948961, 0], [11.0, 3.0, 0.0, 1]]","[[7.0, 1.0, 1.5707963267948961, 0], [7.0, 1.0, 1.5707963267948961, 1]]","[[0.499999999925, 0.499999999925], [0.8371473782149901, 0.66285262156001]]",[1.0],[1.0],[0.674294756681124],[0.325705243318875],,,,,,,0.6666666666666661,0.216995000839233,0,1,4
6,,,,"[0, 0]",0.00028181076049800004,0,"[[11.0, 4.0, 3.141592653589793, 0]]","[[7.0, 1.0, 1.5707963267948961, 0]]","[[0.33714737828999003, 0.16285262163501]]",,,[0.674294756681124],[0.325705243318875],,,,,,,,,0,1,4
7,,,,"[0, 0]",0.000216484069824,0,"[[11.0, 4.0, 3.141592653589793, 0]]","[[7.0, 1.0, 1.5707963267948961, 0]]","[[0.33714737828999003, 0.16285262163501]]",,,[0.674294756681124],[0.325705243318875],,,,,,,,,0,1,4
8,,,,"[0, 0]",0.000246524810791,0,"[[11.0, 4.0, 3.141592653589793, 0]]","[[7.0, 1.0, 1.5707963267948961, 0]]","[[0.33714737828999003, 0.16285262163501]]",,,[0.674294756681124],[0.325705243318875],,,,,,,,,0,1,4
9,,,,"[0, 0]",0.000268936157226,0,"[[11.0, 4.0, 3.141592653589793, 0]]","[[7.0, 1.0, 1.5707963267948961, 0]]","[[0.33714737828999003, 0.16285262163501]]",,,[0.674294756681124],[0.325705243318875],,,,,,,,,0,1,4
0,0.9578262852211511,22.233424425125122,4.0,"[0, 0]",22.238083124160767,1,"[[1.0, 2.0, 0.0, 0], [3.0, 2.0, 0.0, 1]]","[[1.0, 4.0, 0.0, 0], [3.0, 4.0, 0.0, 1]]","[[0.499999999925, 0.499999999925], [0.7605937051415691, 0.7394062946334311]]",[1.0],[1.0],[0.521187410511316],[0.47881258948868305],,,,,,,,,0,0,7
1,,,3.0,"[0, 0]",15.143083095550537,1,"[[3.0, 2.0, 0.0, 0], [5.0, 2.0, 0.0, 1]]","[[2.0, 4.0, 1.5707963267948961, 0], [2.0, 5.0, 0.0, 1]]","[[0.499999999925, 0.499999999925], [0.8258527961977851, 0.674147203577214]]",[1.0],[1.0],[0.6517055926433261],[0.34829440735667305],0.9363291775690441,15.139585971832275,,,,,,,0,0,7
2,,,2.0,"[0, 0]",10.221444606781006,1,"[[5.0, 2.0, 0.0, 0], [7.0, 2.0, 0.0, 1]]","[[2.0, 4.0, 3.141592653589793, 0], [2.0, 4.0, 4.71238898038469, 1]]","[[0.499999999925, 0.499999999925], [0.8694080412361841, 0.630591958538815]]",[1.0],[1.0],[0.7388160827331911],[0.261183917266808],,,0.8944271909999151,10.216558456420898,,,,,0,0,7
3,,,1.0,"[0, 0]",4.041508197784424,1,"[[7.0, 2.0, 0.0, 0], [9.0, 2.0, 0.0, 1]]","[[2.0, 4.0, 3.141592653589793, 0], [2.0, 4.0, 4.71238898038469, 1]]","[[0.499999999925, 0.499999999925], [0.9020744750149841, 0.597925524760015]]",[1.0],[1.0],[0.8041489503005901],[0.195851049699409],,,,,0.8,4.035717725753784,,,0,0,7
4,,,0.0,"[0, 0]",0.7296812534332271,1,"[[9.0, 2.0, 0.0, 0], [11.0, 2.0, 0.0, 1]]","[[0.0, 4.0, 4.71238898038469, 0], [0.0, 4.0, 4.71238898038469, 1]]","[[0.499999999925, 0.499999999925], [0.9673335660712, 0.5326664337037991]]",[1.0],[1.0],[0.934667132432601],[0.065332867567398],,,,,,,0.554700196225229,0.727094888687133,0,0,7
5,,,0.0,"[0, 0]",0.79339599609375,1,"[[11.0, 2.0, 0.0, 0], [13.0, 2.0, 1.5707963267948961, 1]]","[[0.0, 4.0, 4.71238898038469, 0], [0.0, 4.0, 3.141592653589793, 1]]","[[0.499999999925, 0.499999999925], [0.9782223773308001, 0.521777622444199]]",[1.0],[1.0],[0.9564447549550671],[0.043555245044932],,,,,,,0.6666666666666661,0.7905776500701901,0,0,7
6,,,0.0,"[0, 0]",0.720652341842651,1,"[[13.0, 2.0, 1.5707963267948961, 0], [13.0, 4.0, 3.141592653589793, 1]]","[[0.0, 4.0, 4.71238898038469, 0], [0.0, 4.0, 4.71238898038469, 1]]","[[0.499999999925, 0.499999999925], [0.9782223773308001, 0.521777622444199]]",[1.0],[1.0],[0.9564447549550671],[0.043555245044932],,,,,,,0.554700196225229,0.717517852783203,0,0,7
7,,,0.0,"[0, 0]",0.8025069236755371,1,"[[13.0, 4.0, 3.141592653589793, 0], [13.0, 4.0, 3.141592653589793, 1]]","[[0.0, 4.0, 0.0, 0], [2.0, 4.0, -1.5707963267948961, 1]]","[[0.499999999925, 0.499999999925], [0.956518531312983, 0.5434814684620161]]",[1.0],[1.0],[0.9130370629129221],[0.086962937087077],,,,,,,0.8944271909999151,0.7978472709655761,0,0,7
8,,,0.0,"[0, 0]",0.798608779907226,1,"[[13.0, 4.0, 3.141592653589793, 0], [11.0, 4.0, 3.141592653589793, 1]]","[[0.0, 4.0, 1.5707963267948961, 0], [6.123233995736766e-17, 5.0, 0.0, 1]]","[[0.499999999925, 0.499999999925], [0.9782223773308001, 0.521777622444199]]",[1.0],[1.0],[0.9564447549550671],[0.043555245044932],,,,,,,0.8944271909999151,0.7950050830841061,0,0,7
9,,,,"[0, 0]",0.000131130218505,0,"[[11.0, 4.0, 3.141592653589793, 0]]","[[0.0, 4.0, 1.5707963267948961, 0]]","[[0.47822237740580004, 0.021777622519199003]]",,,[0.9564447549550671],[0.043555245044932],,,,,,,,,0,0,7
0,0.9578262852211511,0.8312404155731201,4.0,"[0, 0]",1.11443281173706,1,"[[1.0, 2.0, 0.0, 0], [2.0, 2.0, 1.5707963267948961, 1]]","[[1.0, 4.0, 0.0, 0], [2.0, 4.0, 1.5707963267948961, 1]]","[[0.499999999925, 0.499999999925], [0.760519928640186, 0.7394800711348131]]",[1.0],[1.0],[0.521039857508528],[0.47896014249147106],,,,,,,,,0,1,7
1,,,3.0,"[0, 0]",0.8251683712005611,1,"[[3.0, 2.0, 0.0, 0], [4.0, 2.0, 1.5707963267948961, 1]]","[[2.0, 4.0, 1.5707963267948961, 0], [2.0, 4.0, 3.141592653589793, 1]]","[[0.499999999925, 0.499999999925], [0.804075173678585, 0.695924826096414]]",[1.0],[1.0],[0.608150347598394],[0.391849652401606],0.9363291775690441,0.6090240478515621,,,,,,,0,1,7
2,,,2.0,"[0, 0]",0.654696464538574,1,"[[5.0, 2.0, 0.0, 0], [7.0, 2.0, -1.5707963267948961, 1]]","[[2.0, 4.0, 3.141592653589793, 0], [2.0, 4.0, 3.141592653589793, 1]]","[[0.499999999925, 0.499999999925], [0.8694080412361841, 0.630591958538815]]",[1.0],[1.0],[0.7388160827331911],[0.261183917266808],,,0.8944271909999151,0.48488163948059004,,,,,0,1,7
3,,,1.0,"[0, 0]",0.46397590637207003,1,"[[7.0, 2.0, 0.0, 0], [8.0, 2.0, 1.5707963267948961, 1]]","[[2.0, 4.0, 3.141592653589793, 0], [0.0, 4.0, 4.71238898038469, 1]]","[[0.499999999925, 0.499999999925], [0.9020006985136011, 0.597999301261398]]",[1.0],[1.0],[0.8040013972978031],[0.19599860270219602],,,,,0.8,0.335125684738159,,,0,1,7
4,,,0.0,"[0, 0]",0.26502180099487305,1,"[[9.0, 2.0, 0.0, 0], [9.0, 2.0, 1.5707963267948961, 1]]","[[0.0, 4.0, 4.71238898038469, 0], [0.0, 4.0, 4.71238898038469, 1]]","[[0.499999999925, 0.499999999925], [0.9237783210328011, 0.5762216787421981]]",[1.0],[1.0],[0.8475566423427351],[0.15244335765726402],,,,,,,0.554700196225229,0.21830344200134202,0,1,7
5,,,0.0,"[0, 0]",0.26389169692993103,1,"[[11.0, 2.0, 0.0, 0], [11.0, 2.0, 0.0, 1]]","[[0.0, 4.0, 4.71238898038469, 0], [0.0, 4.0, 4.71238898038469, 1]]","[[0.499999999925, 0.499999999925], [0.9673335660712, 0.5326664337037991]]",[1.0],[1.0],[0.934667132432601],[0.065332867567398],,,,,,,0.6666666666666661,0.21854138374328602,0,1,7
6,,,0.0,"[0, 0]",0.272514581680297,1,"[[13.0, 2.0, 1.5707963267948961, 0], [13.0, 3.0, 1.5707963267948961, 1]]","[[0.0, 4.0, 4.71238898038469, 0], [0.0, 4.0, 0.0, 1]]","[[0.499999999925, 0.499999999925], [0.9782223773308001, 0.521777622444199]]",[1.0],[1.0],[0.9564447549550671],[0.043555245044932],,,,,,,0.554700196225229,0.226613521575927,0,1,7
7,,,0.0,"[0, 0]",0.283541202545166,1,"[[13.0, 4.0, 3.141592653589793, 0], [11.0, 4.0, 1.5707963267948961, 1]]","[[0.0, 4.0, 0.0, 0], [0.0, 4.0, 1.5707963267948961, 1]]","[[0.499999999925, 0.499999999925], [0.9782223773308001, 0.521777622444199]]",[1.0],[1.0],[0.9564447549550671],[0.043555245044932],,,,,,,0.8944271909999151,0.217885017395019,0,1,7
8,,,0.0,"[0, 0]",0.272100210189819,1,"[[13.0, 4.0, 3.141592653589793, 0], [12.0, 4.0, 4.71238898038469, 1]]","[[0.0, 4.0, 1.5707963267948961, 0], [0.0, 4.0, 1.5707963267948961, 1]]","[[0.499999999925, 0.499999999925], [0.9782223773308001, 0.521777622444199]]",[1.0],[1.0],[0.9564447549550671],[0.043555245044932],,,,,,,0.8944271909999151,0.21188235282897902,0,1,7
9,,,,"[0, 0]",0.000280618667602,0,"[[11.0, 4.0, 3.141592653589793, 0]]","[[0.0, 4.0, 1.5707963267948961, 0]]","[[0.47822237740580004, 0.021777622519199003]]",,,[0.9564447549550671],[0.043555245044932],,,,,,,,,0,1,7
0,0.9578262852211511,23.59089207649231,4.0,"[0, 0]",23.596238136291504,1,"[[1.0, 2.0, 0.0, 0], [3.0, 2.0, 0.0, 1]]","[[1.0, 4.0, 0.0, 0], [3.0, 4.0, 0.0, 1]]","[[0.499999999925, 0.499999999925], [0.7605937051415691, 0.7394062946334311]]",[1.0],[1.0],[0.521187410511316],[0.47881258948868305],,,,,,,,,0,0,0
1,,,3.0,"[0, 0]",16.49612045288086,1,"[[3.0, 2.0, 0.0, 0], [5.0, 2.0, 0.0, 1]]","[[3.0, 4.0, 0.0, 0], [5.0, 4.0, 0.0, 1]]","[[0.499999999925, 0.499999999925], [0.760741258144334, 0.7392587416306651]]",[1.0],[1.0],[0.521482516516891],[0.478517483483108],0.9363291775690441,16.491969347000122,,,,,,,0,0,0
2,,,2.0,"[0, 0]",10.467361688613892,1,"[[5.0, 2.0, 0.0, 0], [7.0, 2.0, 0.0, 1]]","[[5.0, 4.0, 0.0, 0], [7.0, 4.0, 0.0, 1]]","[[0.499999999925, 0.499999999925], [0.760888811147099, 0.7391111886279]]",[1.0],[1.0],[0.5217776225224661],[0.47822237747753304],,,0.8944271909999151,10.462581872940063,,,,,0,0,0
3,,,1.0,"[0, 0]",3.94150710105896,1,"[[7.0, 2.0, 0.0, 0], [9.0, 2.0, 0.0, 1]]","[[7.0, 4.0, 1.5707963267948961, 0], [7.0, 4.0, 0.0, 1]]","[[0.499999999925, 0.499999999925], [0.793555244925899, 0.7064447548491001]]",[1.0],[1.0],[0.587110490089865],[0.412889509910134],,,,,0.8,3.93799614906311,,,0,0,0
4,,,0.0,"[0, 0]",0.827929735183715,1,"[[9.0, 2.0, 0.0, 0], [11.0, 2.0, 1.5707963267948961, 1]]","[[7.0, 4.0, 1.5707963267948961, 0], [7.0, 4.0, 3.141592653589793, 1]]","[[0.499999999925, 0.499999999925], [0.837110489964298, 0.662889509810701]]",[1.0],[1.0],[0.6742209801797301],[0.325779019820269],,,,,,,0.554700196225229,0.8227746486663811,0,0,0
5,,,0.0,"[0, 0]",0.800767183303833,1,"[[11.0, 2.0, 1.5707963267948961, 0], [11.0, 4.0, 0.0, 1]]","[[7.0, 5.0, 0.0, 0], [9.0, 5.0, 0.0, 1]]","[[0.499999999925, 0.499999999925], [0.815443532197173, 0.6845564675778271]]",[1.0],[1.0],[0.630887064638979],[0.36911293536102],,,,,,,0.6666666666666661,0.796729803085327,0,0,0
6,,,,"[0, 0]",0.000143766403198,0,"[[11.0, 4.0, 0.0, 0]]","[[8.0, 5.0, 1.5707963267948961, 0]]","[[0.33714737828999003, 0.16285262163501]]",,,[0.674294756681124],[0.325705243318875],,,,,,,,,0,0,0
7,,,,"[0, 0]",0.000149488449096,0,"[[11.0, 4.0, 0.0, 0]]","[[8.0, 5.0, 1.5707963267948961, 0]]","[[0.33714737828999003, 0.16285262163501]]",,,[0.674294756681124],[0.325705243318875],,,,,,,,,0,0,0
8,,,,"[0, 0]",0.000152587890625,0,"[[11.0, 4.0, 0.0, 0]]","[[8.0, 5.0, 1.5707963267948961, 0]]","[[0.33714737828999003, 0.16285262163501]]",,,[0.674294756681124],[0.325705243318875],,,,,,,,,0,0,0
9,,,,"[0, 0]",0.00021147727966300001,0,"[[11.0, 4.0, 0.0, 0]]","[[8.0, 5.0, 1.5707963267948961, 0]]","[[0.33714737828999003, 0.16285262163501]]",,,[0.674294756681124],[0.325705243318875],,,,,,,,,0,0,0
0,0.9578262852211511,0.7850184440612791,4.0,"[0, 0]",1.060658931732177,1,"[[1.0, 2.0, 0.0, 0], [2.0, 2.0, 0.0, 1]]","[[1.0, 4.0, 0.0, 0], [3.0, 4.0, 0.0, 1]]","[[0.499999999925, 0.499999999925], [0.7388160826223691, 0.76118391715263]]",[1.0],[1.0],[0.47763216546638304],[0.522367834533616],,,,,,,,,0,1,0
1,,,3.0,"[0, 0]",0.8524911403656,1,"[[3.0, 2.0, 0.0, 0], [5.0, 2.0, 1.5707963267948961, 1]]","[[3.0, 4.0, 0.0, 0], [5.0, 4.0, 0.0, 1]]","[[0.499999999925, 0.499999999925], [0.760741258144334, 0.7392587416306651]]",[1.0],[1.0],[0.521482516516891],[0.478517483483108],0.9363291775690441,0.6150052547454831,,,,,,,0,1,0
2,,,2.0,"[0, 0]",0.6721177101135251,1,"[[5.0, 2.0, 0.0, 0], [6.0, 2.0, -1.5707963267948961, 1]]","[[5.0, 4.0, 0.0, 0], [7.0, 4.0, 1.5707963267948961, 1]]","[[0.499999999925, 0.499999999925], [0.7391111886279, 0.760888811147099]]",[1.0],[1.0],[0.47822237747753304],[0.5217776225224661],,,0.8944271909999151,0.494023561477661,,,,,0,1,0
3,,,1.0,"[0, 0]",0.44243025779724104,1,"[[7.0, 2.0, 0.0, 0], [7.0, 2.0, 1.5707963267948961, 1]]","[[7.0, 4.0, 1.5707963267948961, 0], [7.0, 4.0, 1.5707963267948961, 1]]","[[0.499999999925, 0.499999999925], [0.760888811147099, 0.7391111886279]]",[1.0],[1.0],[0.5217776225224661],[0.47822237747753304],,,,,0.8,0.330573320388793,,,0,1,0
4,,,0.0,"[0, 0]",0.283028364181518,1,"[[9.0, 2.0, 0.0, 0], [9.0, 2.0, 0.0, 1]]","[[7.0, 4.0, 1.5707963267948961, 0], [7.0, 5.0, 0.0, 1]]","[[0.499999999925, 0.499999999925], [0.804407167934807, 0.695592831840192]]",[1.0],[1.0],[0.608814336110937],[0.391185663889062],,,,,,,0.554700196225229,0.21697115898132302,0,1,0
5,,,0.0,"[0, 0]",0.2783784866333,1,"[[11.0, 2.0, 1.5707963267948961, 0], [11.0, 3.0, 3.141592653589793, 1]]","[[7.0, 5.0, 0.0, 0], [8.0, 5.0, 1.5707963267948961, 1]]","[[0.499999999925, 0.499999999925], [0.8371473782149901, 0.66285262156001]]",[1.0],[1.0],[0.674294756681124],[0.325705243318875],,,,,,,0.6666666666666661,0.21355533599853502,0,1,0
6,,,,"[0, 0]",0.000149726867675,0,"[[11.0, 4.0, 0.0, 0]]","[[8.0, 5.0, 1.5707963267948961, 0]]","[[0.33714737828999003, 0.16285262163501]]",,,[0.674294756681124],[0.325705243318875],,,,,,,,,0,1,0
7,,,,"[0, 0]",0.00020217895507800002,0,"[[11.0, 4.0, 0.0, 0]]","[[8.0, 5.0, 1.5707963267948961, 0]]","[[0.33714737828999003, 0.16285262163501]]",,,[0.674294756681124],[0.325705243318875],,,,,,,,,0,1,0
8,,,,"[0, 0]",0.000222206115722,0,"[[11.0, 4.0, 0.0, 0]]","[[8.0, 5.0, 1.5707963267948961, 0]]","[[0.33714737828999003, 0.16285262163501]]",,,[0.674294756681124],[0.325705243318875],,,,,,,,,0,1,0
9,,,,"[0, 0]",0.000164747238159,0,"[[11.0, 4.0, 0.0, 0]]","[[8.0, 5.0, 1.5707963267948961, 0]]","[[0.33714737828999003, 0.16285262163501]]",,,[0.674294756681124],[0.325705243318875],,,,,,,,,0,1,0
0,0.9578262852211511,24.567830562591553,4.0,"[0, 0]",24.572131633758545,1,"[[1.0, 2.0, 0.0, 0], [3.0, 2.0, 0.0, 1]]","[[1.0, 4.0, 0.0, 0], [3.0, 4.0, 0.0, 1]]","[[0.499999999925, 0.499999999925], [0.7605937051415691, 0.7394062946334311]]",[1.0],[1.0],[0.521187410511316],[0.47881258948868305],,,,,,,,,0,0,9
1,,,3.0,"[0, 0]",16.334020853042603,1,"[[3.0, 2.0, 0.0, 0], [5.0, 2.0, 0.0, 1]]","[[2.0, 4.0, 1.5707963267948961, 0], [2.0, 5.0, 0.0, 1]]","[[0.499999999925, 0.499999999925], [0.8258527961977851, 0.674147203577214]]",[1.0],[1.0],[0.6517055926433261],[0.34829440735667305],0.9363291775690441,16.330033540725708,,,,,,,0,0,9
2,,,2.0,"[0, 0]",10.204196214675903,1,"[[5.0, 2.0, 0.0, 0], [7.0, 2.0, 0.0, 1]]","[[2.0, 4.0, 1.5707963267948961, 0], [2.0, 5.0, 0.0, 1]]","[[0.499999999925, 0.499999999925], [0.8694080412361841, 0.630591958538815]]",[1.0],[1.0],[0.7388160827331911],[0.261183917266808],,,0.8944271909999151,10.200386047363281,,,,,0,0,9
3,,,1.0,"[0, 0]",3.982304811477661,1,"[[7.0, 2.0, 0.0, 0], [9.0, 2.0, 0.0, 1]]","[[2.0, 4.0, 1.5707963267948961, 0], [2.0, 4.0, 0.0, 1]]","[[0.499999999925, 0.499999999925], [0.9020744750149841, 0.597925524760015]]",[1.0],[1.0],[0.8041489503005901],[0.195851049699409],,,,,0.8,3.979099512100219,,,0,0,9
4,,,0.0,"[0, 0]",0.7975330352783201,1,"[[9.0, 2.0, 0.0, 0], [11.0, 2.0, -1.5707963267948961, 1]]","[[2.0, 4.0, 0.0, 0], [4.0, 4.0, -1.5707963267948961, 1]]","[[0.499999999925, 0.499999999925], [0.9022220280177491, 0.59777797175725]]",[1.0],[1.0],[0.8044440563061651],[0.19555594369383403],,,,,,,0.554700196225229,0.7928054332733151,0,0,9
5,,,0.0,"[0, 0]",0.7283501625061031,1,"[[11.0, 2.0, -1.5707963267948961, 0], [11.0, 1.0, -1.5707963267948961, 1]]","[[2.0, 4.0, 1.5707963267948961, 0], [2.0, 5.0, 3.141592653589793, 1]]","[[0.499999999925, 0.499999999925], [0.9456297200533831, 0.554370279721616]]",[1.0],[1.0],[0.891259440390456],[0.10874055960954301],,,,,,,0.6666666666666661,0.725594043731689,0,0,9
6,,,1.0,"[0, 0]",1.229943990707397,1,"[[11.0, 1.0, -1.5707963267948961, 0], [11.0, 1.0, 0.0, 1]]","[[2.0, 5.0, 1.5707963267948961, 0], [2.0, 5.0, 0.0, 1]]","[[0.499999999925, 0.499999999925], [0.9456297200533831, 0.554370279721616]]",[1.0],[1.0],[0.891259440390456],[0.10874055960954301],,,,,1.0,1.228028059005737,,,0,0,9
7,,,1.0,"[0, 0]",2.840411901473999,1,"[[11.0, 1.0, 0.0, 0], [13.0, 1.0, 0.0, 1]]","[[2.0, 5.0, 3.141592653589793, 0], [2.0, 5.0, 4.71238898038469, 1]]","[[0.499999999925, 0.499999999925], [0.956518531312983, 0.5434814684620161]]",[1.0],[1.0],[0.9130370629129221],[0.086962937087077],,,,,1.0,2.8362784385681152,,,0,0,9
8,,,1.0,"[0, 0]",0.8958303928375241,1,"[[13.0, 1.0, 0.0, 0], [13.0, 1.0, -1.5707963267948961, 1]]","[[0.0, 5.0, 3.141592653589793, 0], [0.0, 5.0, 3.141592653589793, 1]]","[[0.499999999925, 0.499999999925], [0.9782223773308001, 0.521777622444199]]",[1.0],[1.0],[0.9564447549550671],[0.043555245044932],,,,,0.8944271909999151,0.8936390876770021,,,0,0,9
9,,,1.0,"[0, 0]",0.9414064884185791,1,"[[13.0, 1.0, -1.5707963267948961, 0], [13.0, 1.0, -3.141592653589793, 1]]","[[0.0, 5.0, 1.5707963267948961, 0], [0.0, 5.0, 0.0, 1]]","[[0.499999999925, 0.499999999925], [0.9782223773308001, 0.521777622444199]]",[1.0],[1.0],[0.9564447549550671],[0.043555245044932],,,,,0.8944271909999151,0.939421653747558,,,0,0,9
0,0.9578262852211511,0.9677820205688471,4.0,"[0, 0]",1.244924306869506,1,"[[1.0, 2.0, 0.0, 0], [2.0, 2.0, -1.5707963267948961, 1]]","[[1.0, 4.0, 0.0, 0], [2.0, 4.0, 1.5707963267948961, 1]]","[[0.499999999925, 0.499999999925], [0.760519928640186, 0.7394800711348131]]",[1.0],[1.0],[0.521039857508528],[0.47896014249147106],,,,,,,,,0,1,9
1,,,3.0,"[0, 0]",1.084337472915649,1,"[[3.0, 2.0, 0.0, 0], [3.0, 2.0, 1.5707963267948961, 1]]","[[2.0, 4.0, 1.5707963267948961, 0], [2.0, 4.0, 1.5707963267948961, 1]]","[[0.499999999925, 0.499999999925], [0.782297551159386, 0.717702448615613]]",[1.0],[1.0],[0.564595102553461],[0.43540489744653804],0.9363291775690441,0.831048727035522,,,,,,,0,1,9
2,,,2.0,"[0, 0]",0.736294031143188,1,"[[5.0, 2.0, 0.0, 0], [6.0, 2.0, -1.5707963267948961, 1]]","[[2.0, 4.0, 1.5707963267948961, 0], [2.0, 4.0, 1.5707963267948961, 1]]","[[0.499999999925, 0.499999999925], [0.8476304187169851, 0.652369581058014]]",[1.0],[1.0],[0.6952608376882591],[0.30473916231174003],,,0.8944271909999151,0.5158731937408441,,,,,0,1,9
3,,,1.0,"[0, 0]",0.46587848663330006,1,"[[7.0, 2.0, 0.0, 0], [8.0, 2.0, -1.5707963267948961, 1]]","[[2.0, 4.0, 1.5707963267948961, 0], [2.0, 4.0, 0.0, 1]]","[[0.499999999925, 0.499999999925], [0.880296852495784, 0.619703147279215]]",[1.0],[1.0],[0.7605937052556581],[0.23940629474434102],,,,,0.8,0.338983058929443,,,0,1,9
4,,,0.0,"[0, 0]",0.30342125892639105,1,"[[9.0, 2.0, 0.0, 0], [10.0, 2.0, -1.5707963267948961, 1]]","[[2.0, 4.0, 0.0, 0], [2.0, 4.0, 1.5707963267948961, 1]]","[[0.499999999925, 0.499999999925], [0.9238520975341841, 0.576147902240816]]",[1.0],[1.0],[0.8477041953455231],[0.152295804654476],,,,,,,0.554700196225229,0.22718667984008703,0,1,9
5,,,0.0,"[0, 0]",0.2581148147583,1,"[[11.0, 2.0, -1.5707963267948961, 0], [11.0, 1.0, 0.0, 1]]","[[2.0, 4.0, 1.5707963267948961, 0], [2.0, 5.0, 1.5707963267948961, 1]]","[[0.499999999925, 0.499999999925], [0.9456297200533831, 0.554370279721616]]",[1.0],[1.0],[0.891259440390456],[0.10874055960954301],,,,,,,0.6666666666666661,0.209107637405395,0,1,9
6,,,1.0,"[0, 0]",0.43511319160461404,1,"[[11.0, 1.0, -1.5707963267948961, 0], [11.0, 1.0, 0.0, 1]]","[[2.0, 5.0, 1.5707963267948961, 0], [2.0, 5.0, 3.141592653589793, 1]]","[[0.499999999925, 0.499999999925], [0.9456297200533831, 0.554370279721616]]",[1.0],[1.0],[0.891259440390456],[0.10874055960954301],,,,,1.0,0.36263251304626404,,,0,1,9
7,,,1.0,"[0, 0]",0.5341777801513671,1,"[[11.0, 1.0, 0.0, 0], [11.0, 1.0, 0.0, 1]]","[[2.0, 5.0, 3.141592653589793, 0], [0.0, 5.0, 3.141592653589793, 1]]","[[0.499999999925, 0.499999999925], [0.9673335660712, 0.5326664337037991]]",[1.0],[1.0],[0.934667132432601],[0.065332867567398],,,,,1.0,0.41742706298828103,,,0,1,9
8,,,1.0,"[0, 0]",0.412935972213745,1,"[[13.0, 1.0, 0.0, 0], [13.0, 1.0, -1.5707963267948961, 1]]","[[0.0, 5.0, 3.141592653589793, 0], [0.0, 5.0, 1.5707963267948961, 1]]","[[0.499999999925, 0.499999999925], [0.9782223773308001, 0.521777622444199]]",[1.0],[1.0],[0.9564447549550671],[0.043555245044932],,,,,0.8944271909999151,0.341109991073608,,,0,1,9
9,,,1.0,"[0, 0]",0.40324425697326605,1,"[[13.0, 1.0, -1.5707963267948961, 0], [13.0, 1.0, -3.141592653589793, 1]]","[[0.0, 5.0, 1.5707963267948961, 0], [0.0, 5.0, 0.0, 1]]","[[0.499999999925, 0.499999999925], [0.9782223773308001, 0.521777622444199]]",[1.0],[1.0],[0.9564447549550671],[0.043555245044932],,,,,0.8944271909999151,0.34303617477416903,,,0,1,9
0,0.9578262852211511,22.54053831100464,4.0,"[0, 0]",22.55085515975952,1,"[[1.0, 2.0, 0.0, 0], [3.0, 2.0, 0.0, 1]]","[[1.0, 4.0, 0.0, 0], [3.0, 4.0, 0.0, 1]]","[[0.499999999925, 0.499999999925], [0.7605937051415691, 0.7394062946334311]]",[1.0],[1.0],[0.521187410511316],[0.47881258948868305],,,,,,,,,0,0,6
1,,,3.0,"[0, 0]",18.519349813461304,1,"[[3.0, 2.0, 0.0, 0], [5.0, 2.0, 0.0, 1]]","[[2.0, 4.0, 1.5707963267948961, 0], [2.0, 5.0, 0.0, 1]]","[[0.499999999925, 0.499999999925], [0.8258527961977851, 0.674147203577214]]",[1.0],[1.0],[0.6517055926433261],[0.34829440735667305],0.9363291775690441,18.51489520072937,,,,,,,0,0,6
2,,,2.0,"[0, 0]",10.13005781173706,1,"[[5.0, 2.0, 0.0, 0], [7.0, 2.0, 0.0, 1]]","[[2.0, 5.0, 0.0, 0], [4.0, 5.0, 0.0, 1]]","[[0.499999999925, 0.499999999925], [0.836852272209459, 0.6631477275655401]]",[1.0],[1.0],[0.6737045446699741],[0.326295455330025],,,0.8944271909999151,10.126411437988281,,,,,0,0,6
3,,,1.0,"[0, 0]",4.566719770431518,1,"[[7.0, 2.0, 0.0, 0], [9.0, 2.0, 0.0, 1]]","[[4.0, 5.0, -1.5707963267948961, 0], [4.0, 3.0, 0.0, 1]]","[[0.499999999925, 0.499999999925], [0.8586667829793501, 0.641333216795649]]",[1.0],[1.0],[0.7173335662163001],[0.28266643378369904],,,,,0.8,4.561853408813477,,,0,0,6
4,,,0.0,"[0, 0]",0.784777879714965,1,"[[9.0, 2.0, 0.0, 0], [11.0, 2.0, 1.5707963267948961, 1]]","[[4.0, 4.0, 0.0, 0], [6.0, 4.0, -1.5707963267948961, 1]]","[[0.499999999925, 0.499999999925], [0.8588143359821151, 0.641185663792884]]",[1.0],[1.0],[0.7176286722218751],[0.282371327778124],,,,,,,0.554700196225229,0.7806818485260011,0,0,6
5,,,0.0,"[0, 0]",0.7718510627746581,1,"[[11.0, 2.0, 1.5707963267948961, 0], [11.0, 3.0, 0.0, 1]]","[[4.0, 4.0, 1.5707963267948961, 0], [4.0, 4.0, 1.5707963267948961, 1]]","[[0.499999999925, 0.499999999925], [0.913110839277349, 0.58688916049765]]",[1.0],[1.0],[0.8262216788286321],[0.17377832117136702],,,,,,,0.6666666666666661,0.768038034439086,0,0,6
6,,,0.0,"[0, 0]",0.785910367965698,1,"[[11.0, 3.0, 0.0, 0], [12.0, 3.0, 1.5707963267948961, 1]]","[[4.0, 5.0, 0.0, 0], [6.0, 5.0, 0.0, 1]]","[[0.499999999925, 0.499999999925], [0.8805550702506241, 0.619444929524376]]",[1.0],[1.0],[0.7611101407654141],[0.23888985923458503],,,,,,,1.0,0.7822332382202141,0,0,6
7,,,0.0,"[1, 0]",0.7531135082244871,1,"[[12.0, 3.0, 1.5707963267948961, 0], [12.0, 5.0, 0.0, 1]]","[[4.0, 5.0, 0.0, 0], [6.0, 5.0, 0.0, 1]]","[[0.499999999925, 0.499999999925], [0.9023326927698231, 0.597667307005176]]",[1.0],[1.0],[0.8046653858103471],[0.195334614189652],,,,,,,0.8944271909999151,0.748348236083984,0,0,6
0,0.9578262852211511,0.9556326866149901,4.0,"[0, 0]",1.274904251098632,1,"[[1.0, 2.0, 0.0, 0], [1.0, 2.0, 1.5707963267948961, 1]]","[[1.0, 4.0, 0.0, 0], [2.0, 4.0, 1.5707963267948961, 1]]","[[0.499999999925, 0.499999999925], [0.738742306120986, 0.7612576936540131]]",[1.0],[1.0],[0.477484612463596],[0.522515387536403],,,,,,,,,0,1,6
1,,,3.0,"[0, 0]",0.9106371402740471,1,"[[3.0, 2.0, 0.0, 0], [5.0, 2.0, 0.0, 1]]","[[2.0, 4.0, 1.5707963267948961, 0], [2.0, 5.0, 0.0, 1]]","[[0.499999999925, 0.499999999925], [0.8258527961977851, 0.674147203577214]]",[1.0],[1.0],[0.6517055926433261],[0.34829440735667305],0.9363291775690441,0.6962485313415521,,,,,,,0,1,6
2,,,2.0,"[0, 0]",0.7402179241180421,1,"[[5.0, 2.0, 0.0, 0], [5.0, 2.0, -1.5707963267948961, 1]]","[[2.0, 5.0, 0.0, 0], [4.0, 5.0, -1.5707963267948961, 1]]","[[0.499999999925, 0.499999999925], [0.79329702717106, 0.70670297260394]]",[1.0],[1.0],[0.586594054580108],[0.413405945419891],,,0.8944271909999151,0.5656354427337641,,,,,0,1,6
3,,,1.0,"[0, 0]",0.45935201644897405,1,"[[7.0, 2.0, 0.0, 0], [7.0, 2.0, 0.0, 1]]","[[4.0, 5.0, -1.5707963267948961, 0], [4.0, 4.0, 0.0, 1]]","[[0.499999999925, 0.499999999925], [0.8260003492005501, 0.6739996505744491]]",[1.0],[1.0],[0.6520006986489011],[0.347999301351098],,,,,0.8,0.326779127120971,,,0,1,6
4,,,0.0,"[0, 0]",0.29488492012023904,1,"[[9.0, 2.0, 0.0, 0], [9.0, 2.0, 0.0, 1]]","[[4.0, 4.0, 0.0, 0], [4.0, 4.0, 1.5707963267948961, 1]]","[[0.499999999925, 0.499999999925], [0.8586667829793501, 0.641333216795649]]",[1.0],[1.0],[0.7173335662163001],[0.28266643378369904],,,,,,,0.554700196225229,0.22363495826721103,0,1,6
5,,,0.0,"[0, 0]",0.266195058822631,1,"[[11.0, 2.0, 1.5707963267948961, 0], [11.0, 2.0, 0.0, 1]]","[[4.0, 4.0, 1.5707963267948961, 0], [4.0, 5.0, 0.0, 1]]","[[0.499999999925, 0.499999999925], [0.9130739510266581, 0.5869260487483411]]",[1.0],[1.0],[0.8261479023272381],[0.17385209767276102],,,,,,,0.6666666666666661,0.21088337898254303,0,1,6
6,,,0.0,"[0, 0]",0.272512197494506,1,"[[11.0, 3.0, 0.0, 0], [12.0, 3.0, 0.0, 1]]","[[4.0, 5.0, 0.0, 0], [4.0, 5.0, 0.0, 1]]","[[0.499999999925, 0.499999999925], [0.9239627622862571, 0.576037237488742]]",[1.0],[1.0],[0.8479255248497041],[0.152074475150295],,,,,,,1.0,0.20607900619506803,0,1,6
7,,,0.0,"[0, 0]",0.278973340988159,1,"[[12.0, 3.0, 1.5707963267948961, 0], [12.0, 3.0, 1.5707963267948961, 1]]","[[4.0, 5.0, 0.0, 0], [4.0, 5.0, 0.0, 1]]","[[0.499999999925, 0.499999999925], [0.9239627622862571, 0.576037237488742]]",[1.0],[1.0],[0.8479255248497041],[0.152074475150295],,,,,,,0.8944271909999151,0.20571136474609303,0,1,6
0,0.9578262852211511,22.452420234680176,4.0,"[0, 0]",22.45720601081848,1,"[[1.0, 2.0, 0.0, 0], [3.0, 2.0, 0.0, 1]]","[[1.0, 4.0, 0.0, 0], [3.0, 4.0, 0.0, 1]]","[[0.499999999925, 0.499999999925], [0.7605937051415691, 0.7394062946334311]]",[1.0],[1.0],[0.521187410511316],[0.47881258948868305],,,,,,,,,0,0,3
1,,,3.0,"[0, 0]",17.611544609069824,1,"[[3.0, 2.0, 0.0, 0], [5.0, 2.0, 0.0, 1]]","[[2.0, 4.0, -1.5707963267948961, 0], [2.0, 3.0, -1.5707963267948961, 1]]","[[0.499999999925, 0.499999999925], [0.8258527961977851, 0.674147203577214]]",[1.0],[1.0],[0.6517055926433261],[0.34829440735667305],0.9363291775690441,17.604677438735962,,,,,,,0,0,3
2,,,2.0,"[0, 0]",10.950284957885742,1,"[[5.0, 2.0, 0.0, 0], [7.0, 2.0, 0.0, 1]]","[[2.0, 4.0, -3.141592653589793, 0], [2.0, 4.0, -1.5707963267948961, 1]]","[[0.499999999925, 0.499999999925], [0.8694080412361841, 0.630591958538815]]",[1.0],[1.0],[0.7388160827331911],[0.261183917266808],,,0.8944271909999151,10.945024728775024,,,,,0,0,3
3,,,1.0,"[0, 0]",3.622359037399292,1,"[[7.0, 2.0, 0.0, 0], [9.0, 2.0, 0.0, 1]]","[[1.0, 4.0, -3.141592653589793, 0], [1.0, 4.0, -4.71238898038469, 1]]","[[0.499999999925, 0.499999999925], [0.9237783210328011, 0.5762216787421981]]",[1.0],[1.0],[0.8475566423427351],[0.15244335765726402],,,,,0.8,3.619158029556274,,,0,0,3
4,,,0.0,"[0, 0]",0.7635002136230461,1,"[[9.0, 2.0, 0.0, 0], [11.0, 2.0, 1.5707963267948961, 1]]","[[1.0, 4.0, -3.141592653589793, 0], [0.0, 4.0, -1.5707963267948961, 1]]","[[0.499999999925, 0.499999999925], [0.9673335660712, 0.5326664337037991]]",[1.0],[1.0],[0.934667132432601],[0.065332867567398],,,,,,,0.554700196225229,0.7587592601776121,0,0,3
5,,,0.0,"[0, 0]",0.852232694625854,1,"[[11.0, 2.0, 1.5707963267948961, 0], [11.0, 4.0, 3.141592653589793, 1]]","[[0.0, 4.0, -1.5707963267948961, 0], [1.224646799147353e-16, 2.0, -1.5707963267948961, 1]]","[[0.499999999925, 0.499999999925], [0.9782223773308001, 0.521777622444199]]",[1.0],[1.0],[0.9564447549550671],[0.043555245044932],,,,,,,0.6666666666666661,0.8477303981781,0,0,3
6,,,,"[0, 0]",0.00015640258789,0,"[[11.0, 4.0, 3.141592653589793, 0]]","[[6.123233995736766e-17, 3.0, 0.0, 0]]","[[0.47822237740580004, 0.021777622519199003]]",,,[0.9564447549550671],[0.043555245044932],,,,,,,,,0,0,3
7,,,,"[0, 0]",0.000179290771484,0,"[[11.0, 4.0, 3.141592653589793, 0]]","[[6.123233995736766e-17, 3.0, 0.0, 0]]","[[0.47822237740580004, 0.021777622519199003]]",,,[0.9564447549550671],[0.043555245044932],,,,,,,,,0,0,3
8,,,,"[0, 0]",0.00018405914306600003,0,"[[11.0, 4.0, 3.141592653589793, 0]]","[[6.123233995736766e-17, 3.0, 0.0, 0]]","[[0.47822237740580004, 0.021777622519199003]]",,,[0.9564447549550671],[0.043555245044932],,,,,,,,,0,0,3
9,,,,"[0, 0]",0.00026464462280200004,0,"[[11.0, 4.0, 3.141592653589793, 0]]","[[6.123233995736766e-17, 3.0, 0.0, 0]]","[[0.47822237740580004, 0.021777622519199003]]",,,[0.9564447549550671],[0.043555245044932],,,,,,,,,0,0,3
0,0.9578262852211511,0.7838397026062011,4.0,"[0, 0]",1.070710182189941,1,"[[1.0, 2.0, 0.0, 0], [1.0, 2.0, -1.5707963267948961, 1]]","[[1.0, 4.0, 0.0, 0], [2.0, 4.0, -1.5707963267948961, 1]]","[[0.499999999925, 0.499999999925], [0.738742306120986, 0.7612576936540131]]",[1.0],[1.0],[0.477484612463596],[0.522515387536403],,,,,,,,,0,1,3
1,,,3.0,"[0, 0]",1.084217071533203,1,"[[3.0, 2.0, 0.0, 0], [4.0, 2.0, 1.5707963267948961, 1]]","[[2.0, 4.0, -1.5707963267948961, 0], [2.0, 4.0, -3.141592653589793, 1]]","[[0.499999999925, 0.499999999925], [0.804075173678585, 0.695924826096414]]",[1.0],[1.0],[0.608150347598394],[0.391849652401606],0.9363291775690441,0.8302562236785881,,,,,,,0,1,3
2,,,2.0,"[0, 0]",0.6655194759368891,1,"[[5.0, 2.0, 0.0, 0], [6.0, 2.0, 0.0, 1]]","[[2.0, 4.0, -3.141592653589793, 0], [1.0, 4.0, -3.141592653589793, 1]]","[[0.499999999925, 0.499999999925], [0.869334264734801, 0.6306657350401981]]",[1.0],[1.0],[0.7386685297304041],[0.261331470269595],,,0.8944271909999151,0.47293424606323203,,,,,0,1,3
3,,,1.0,"[0, 0]",0.506618738174438,1,"[[7.0, 2.0, 0.0, 0], [7.0, 2.0, 0.0, 1]]","[[1.0, 4.0, -3.141592653589793, 0], [1.0, 4.0, -3.141592653589793, 1]]","[[0.499999999925, 0.499999999925], [0.891111887254001, 0.6088881125209981]]",[1.0],[1.0],[0.7822237747753361],[0.21777622522466303],,,,,0.8,0.39649486541748,,,0,1,3
4,,,0.0,"[0, 0]",0.28204321861267,1,"[[9.0, 2.0, 0.0, 0], [9.0, 2.0, 0.0, 1]]","[[1.0, 4.0, -3.141592653589793, 0], [0.0, 4.0, -1.5707963267948961, 1]]","[[0.499999999925, 0.499999999925], [0.9237783210328011, 0.5762216787421981]]",[1.0],[1.0],[0.8475566423427351],[0.15244335765726402],,,,,,,0.554700196225229,0.21657299995422302,0,1,3
5,,,0.0,"[0, 0]",0.287790298461914,1,"[[11.0, 2.0, 1.5707963267948961, 0], [11.0, 2.0, 3.141592653589793, 1]]","[[0.0, 4.0, -1.5707963267948961, 0], [6.123233995736766e-17, 3.0, 0.0, 1]]","[[0.499999999925, 0.499999999925], [0.9673335660712, 0.5326664337037991]]",[1.0],[1.0],[0.934667132432601],[0.065332867567398],,,,,,,0.6666666666666661,0.21791934967041002,0,1,3
6,,,,"[0, 0]",0.00044465065002400006,0,"[[11.0, 4.0, 3.141592653589793, 0]]","[[6.123233995736766e-17, 3.0, 0.0, 0]]","[[0.47822237740580004, 0.021777622519199003]]",,,[0.9564447549550671],[0.043555245044932],,,,,,,,,0,1,3
7,,,,"[0, 0]",0.00021147727966300001,0,"[[11.0, 4.0, 3.141592653589793, 0]]","[[6.123233995736766e-17, 3.0, 0.0, 0]]","[[0.47822237740580004, 0.021777622519199003]]",,,[0.9564447549550671],[0.043555245044932],,,,,,,,,0,1,3
8,,,,"[0, 0]",0.000165462493896,0,"[[11.0, 4.0, 3.141592653589793, 0]]","[[6.123233995736766e-17, 3.0, 0.0, 0]]","[[0.47822237740580004, 0.021777622519199003]]",,,[0.9564447549550671],[0.043555245044932],,,,,,,,,0,1,3
9,,,,"[0, 0]",0.00023794174194300002,0,"[[11.0, 4.0, 3.141592653589793, 0]]","[[6.123233995736766e-17, 3.0, 0.0, 0]]","[[0.47822237740580004, 0.021777622519199003]]",,,[0.9564447549550671],[0.043555245044932],,,,,,,,,0,1,3
