timestep,runtime,game_length,winner,runtime_selfplay,T_terminal,trajectory_0,trajectory_1,payoff_total,coll_payoff_0,coll_payoff_1,final_lead_payoff_0,final_lead_payoff_1,collisions,data_of_agent,run_num
0,45.745630502700806,7,"[0, 0]",45.7488157749176,1,"[[1.0, 3.0, 0.0, 0], [1.0, 3.0, 1.57, 1]]","[[3.0, 3.0, 0.0, 0], [4.0, 3.0, 0.0, 1]]","[[0.499999999925, 0.499999999925], [0.704545454439772, 0.7954545453352271]]",[1.0],[1.0],[0.409090909090909],[0.59090909090909],0,0,5
1,42.19051766395569,7,"[0, 0]",42.194364070892334,2,"[[1.0, 3.0, 1.57, 1], [1.0, 4.0, -0.0, 2]]","[[4.0, 3.0, 0.0, 1], [5.0, 3.0, 0.0, 2]]","[[0.499999999925, 0.499999999925], [0.681818181715909, 0.8181818180590911]]",[1.0],[1.0],[0.36363636363636304],[0.636363636363636],0,0,5
2,44.85320448875427,7,"[0, 0]",44.85659384727478,3,"[[1.0, 4.0, -0.0, 2], [3.0, 4.0, 0.0, 3]]","[[5.0, 3.0, 0.0, 2], [6.0, 3.0, 0.0, 3]]","[[0.499999999925, 0.499999999925], [0.704545454439772, 0.7954545453352271]]",[1.0],[1.0],[0.409090909090909],[0.59090909090909],0,0,5
3,37.737762689590454,6,"[0, 0]",37.740745067596436,4,"[[3.0, 4.0, 0.0, 3], [5.0, 4.0, 0.0, 4]]","[[6.0, 3.0, 0.0, 3], [7.0, 3.0, 0.0, 4]]","[[0.499999999925, 0.499999999925], [0.727272727163636, 0.7727272726113631]]",[1.0],[1.0],[0.45454545454545403],[0.5454545454545451],0,0,5
4,29.409549713134766,5,"[0, 0]",29.412843227386475,5,"[[5.0, 4.0, 0.0, 4], [7.0, 4.0, 0.0, 5]]","[[7.0, 3.0, 0.0, 4], [8.0, 3.0, 0.0, 5]]","[[0.499999999925, 0.499999999925], [0.7499999998875, 0.7499999998875]]",[1.0],[1.0],[0.5],[0.5],0,0,5
5,21.3063862323761,4,"[0, 0]",21.30926775932312,6,"[[7.0, 4.0, 0.0, 5], [9.0, 4.0, 0.0, 6]]","[[8.0, 3.0, 0.0, 5], [9.0, 3.0, 0.0, 6]]","[[0.499999999925, 0.499999999925], [0.7727272726113631, 0.727272727163636]]",[1.0],[1.0],[0.5454545454545451],[0.45454545454545403],0,0,5
6,12.82448697090149,3,"[0, 0]",12.827630043029785,7,"[[9.0, 4.0, 0.0, 6], [10.0, 4.0, 0.0, 7]]","[[9.0, 3.0, 0.0, 6], [10.0, 3.0, 0.0, 7]]","[[0.499999999925, 0.499999999925], [0.7727272726113631, 0.727272727163636]]",[1.0],[1.0],[0.5454545454545451],[0.45454545454545403],0,0,5
7,4.878399848937988,2,"[0, 0]",4.881775140762329,8,"[[10.0, 4.0, 0.0, 7], [12.0, 4.0, 0.0, 8]]","[[10.0, 3.0, -1.57, 7], [10.0, 3.0, 0.0, 8]]","[[0.499999999925, 0.499999999925], [0.8181818180590911, 0.681818181715909]]",[1.0],[1.0],[0.636363636363636],[0.36363636363636304],0,0,5
8,0.6672284603118891,1,"[0, 0]",0.669890880584716,9,"[[12.0, 4.0, 0.0, 8], [12.0, 4.0, -1.57, 9]]","[[10.0, 3.0, 0.0, 8], [10.0, 3.0, 0.0, 9]]","[[0.499999999925, 0.499999999925], [0.8181818180590911, 0.681818181715909]]",[1.0],[1.0],[0.636363636363636],[0.36363636363636304],0,0,5
9,0.7841467857360841,1,"[0, 0]",0.787341117858886,10,"[[12.0, 4.0, -1.57, 9], [12.0, 2.0, 0.0, 10]]","[[11.0, 3.0, -1.57, 9], [11.0, 3.0, -3.14, 10]]","[[0.499999999925, 0.499999999925], [0.7954545453352271, 0.704545454439772]]",[1.0],[1.0],[0.59090909090909],[0.409090909090909],0,0,5
0,45.6520631313324,7,"[0, 0]",45.65634608268738,1,"[[1.0, 3.0, 0.0, 0], [2.0, 3.0, -1.57, 1]]","[[3.0, 3.0, 0.0, 0], [4.0, 3.0, 0.0, 1]]","[[0.499999999925, 0.499999999925], [0.727272727163636, 0.7727272726113631]]",[1.0],[1.0],[0.45454545454545403],[0.5454545454545451],0,1,5
1,42.153831481933594,7,"[0, 0]",42.157164096832275,2,"[[1.0, 3.0, 1.57, 1], [1.0, 5.0, -0.0, 2]]","[[4.0, 3.0, 0.0, 1], [5.0, 3.0, 0.0, 2]]","[[0.499999999925, 0.499999999925], [0.681818181715909, 0.8181818180590911]]",[1.0],[1.0],[0.36363636363636304],[0.636363636363636],0,1,5
2,45.60761904716492,7,"[0, 0]",45.610671520233154,3,"[[1.0, 4.0, -0.0, 2], [3.0, 4.0, 0.0, 3]]","[[5.0, 3.0, 0.0, 2], [6.0, 3.0, 0.0, 3]]","[[0.499999999925, 0.499999999925], [0.704545454439772, 0.7954545453352271]]",[1.0],[1.0],[0.409090909090909],[0.59090909090909],0,1,5
3,37.41746473312378,6,"[0, 0]",37.42066311836243,4,"[[3.0, 4.0, 0.0, 3], [5.0, 4.0, -1.57, 4]]","[[6.0, 3.0, 0.0, 3], [7.0, 3.0, 0.0, 4]]","[[0.499999999925, 0.499999999925], [0.727272727163636, 0.7727272726113631]]",[1.0],[1.0],[0.45454545454545403],[0.5454545454545451],0,1,5
4,29.47163486480713,5,"[0, 0]",29.474915981292725,5,"[[5.0, 4.0, 0.0, 4], [7.0, 4.0, 0.0, 5]]","[[7.0, 3.0, 0.0, 4], [8.0, 3.0, 0.0, 5]]","[[0.499999999925, 0.499999999925], [0.7499999998875, 0.7499999998875]]",[1.0],[1.0],[0.5],[0.5],0,1,5
5,21.245522022247314,4,"[0, 0]",21.248592615127563,6,"[[7.0, 4.0, 0.0, 5], [9.0, 4.0, 0.0, 6]]","[[8.0, 3.0, 0.0, 5], [9.0, 3.0, 0.0, 6]]","[[0.499999999925, 0.499999999925], [0.7727272726113631, 0.727272727163636]]",[1.0],[1.0],[0.5454545454545451],[0.45454545454545403],0,1,5
6,12.75877833366394,3,"[0, 0]",12.762098550796509,7,"[[9.0, 4.0, 0.0, 6], [10.0, 4.0, 0.0, 7]]","[[9.0, 3.0, 0.0, 6], [10.0, 3.0, -1.57, 7]]","[[0.499999999925, 0.499999999925], [0.7727272726113631, 0.727272727163636]]",[1.0],[1.0],[0.5454545454545451],[0.45454545454545403],0,1,5
7,4.849228620529175,2,"[0, 0]",4.85273814201355,8,"[[10.0, 4.0, 0.0, 7], [12.0, 4.0, 0.0, 8]]","[[10.0, 3.0, -1.57, 7], [10.0, 3.0, 0.0, 8]]","[[0.499999999925, 0.499999999925], [0.8181818180590911, 0.681818181715909]]",[1.0],[1.0],[0.636363636363636],[0.36363636363636304],0,1,5
8,0.681815385818481,1,"[0, 0]",0.684409141540527,9,"[[12.0, 4.0, 0.0, 8], [12.0, 4.0, -1.57, 9]]","[[10.0, 3.0, 0.0, 8], [11.0, 3.0, -1.57, 9]]","[[0.499999999925, 0.499999999925], [0.7954545453352271, 0.704545454439772]]",[1.0],[1.0],[0.59090909090909],[0.409090909090909],0,1,5
9,0.7935516834259031,1,"[0, 0]",0.797174453735351,10,"[[12.0, 4.0, -1.57, 9], [12.0, 2.0, -3.14, 10]]","[[11.0, 3.0, -1.57, 9], [11.0, 2.0, -1.57, 10]]","[[0.499999999925, 0.499999999925], [0.7954545453352271, 0.704545454439772]]",[1.0],[1.0],[0.59090909090909],[0.409090909090909],0,1,5
0,46.11553335189819,7,"[0, 0]",46.118677616119385,1,"[[1.0, 3.0, 0.0, 0], [1.0, 3.0, -1.57, 1]]","[[3.0, 3.0, 0.0, 0], [4.0, 3.0, 0.0, 1]]","[[0.499999999925, 0.499999999925], [0.704545454439772, 0.7954545453352271]]",[1.0],[1.0],[0.409090909090909],[0.59090909090909],0,0,8
1,42.84548473358154,7,"[0, 0]",42.848939180374146,2,"[[1.0, 3.0, -1.57, 1], [1.0, 1.0, 0.0, 2]]","[[4.0, 3.0, 0.0, 1], [5.0, 3.0, 0.0, 2]]","[[0.499999999925, 0.499999999925], [0.681818181715909, 0.8181818180590911]]",[1.0],[1.0],[0.36363636363636304],[0.636363636363636],0,0,8
2,44.05457782745361,7,"[0, 0]",44.05818581581116,3,"[[1.0, 1.0, 0.0, 2], [3.0, 1.0, 0.0, 3]]","[[5.0, 3.0, 0.0, 2], [6.0, 3.0, 0.0, 3]]","[[0.499999999925, 0.499999999925], [0.704545454439772, 0.7954545453352271]]",[1.0],[1.0],[0.409090909090909],[0.59090909090909],0,0,8
3,36.675472259521484,6,"[0, 0]",36.67854881286621,4,"[[3.0, 1.0, 0.0, 3], [4.0, 1.0, 0.0, 4]]","[[6.0, 3.0, 0.0, 3], [7.0, 3.0, 0.0, 4]]","[[0.499999999925, 0.499999999925], [0.704545454439772, 0.7954545453352271]]",[1.0],[1.0],[0.409090909090909],[0.59090909090909],0,0,8
4,28.558855056762695,5,"[0, 0]",28.56185221672058,5,"[[4.0, 1.0, 0.0, 4], [6.0, 1.0, 0.0, 5]]","[[7.0, 3.0, 0.0, 4], [8.0, 3.0, 0.0, 5]]","[[0.499999999925, 0.499999999925], [0.727272727163636, 0.7727272726113631]]",[1.0],[1.0],[0.45454545454545403],[0.5454545454545451],0,0,8
5,20.409490823745728,4,"[0, 0]",20.412628650665283,6,"[[6.0, 1.0, 0.0, 5], [8.0, 1.0, 0.0, 6]]","[[8.0, 3.0, 0.0, 5], [9.0, 3.0, 0.0, 6]]","[[0.499999999925, 0.499999999925], [0.7499999998875, 0.7499999998875]]",[1.0],[1.0],[0.5],[0.5],0,0,8
6,12.2469003200531,3,"[0, 0]",12.250048398971558,7,"[[8.0, 1.0, 0.0, 6], [10.0, 1.0, 0.0, 7]]","[[9.0, 3.0, 0.0, 6], [10.0, 3.0, 0.0, 7]]","[[0.499999999925, 0.499999999925], [0.7727272726113631, 0.727272727163636]]",[1.0],[1.0],[0.5454545454545451],[0.45454545454545403],0,0,8
7,4.37295389175415,2,"[0, 0]",4.376021146774292,8,"[[10.0, 1.0, 0.0, 7], [12.0, 1.0, 0.0, 8]]","[[10.0, 3.0, 0.0, 7], [11.0, 3.0, 0.0, 8]]","[[0.499999999925, 0.499999999925], [0.7954545453352271, 0.704545454439772]]",[1.0],[1.0],[0.59090909090909],[0.409090909090909],0,0,8
8,0.681088209152221,1,"[1, 0]",0.683759450912475,9,"[[12.0, 1.0, 0.0, 8], [13.0, 1.0, 0.0, 9]]","[[11.0, 3.0, 0.0, 8], [11.0, 3.0, 1.57, 9]]","[[0.499999999925, 0.499999999925], [0.8181818180590911, 0.681818181715909]]",[1.0],[1.0],[0.636363636363636],[0.36363636363636304],0,0,8
0,45.88454580307007,7,"[0, 0]",45.887516021728516,1,"[[1.0, 3.0, 0.0, 0], [2.0, 3.0, -1.57, 1]]","[[3.0, 3.0, 0.0, 0], [4.0, 3.0, 0.0, 1]]","[[0.499999999925, 0.499999999925], [0.727272727163636, 0.7727272726113631]]",[1.0],[1.0],[0.45454545454545403],[0.5454545454545451],0,1,8
1,42.603344202041626,7,"[0, 0]",42.60710668563843,2,"[[1.0, 3.0, -1.57, 1], [1.0, 1.0, 0.0, 2]]","[[4.0, 3.0, 0.0, 1], [5.0, 3.0, 0.0, 2]]","[[0.499999999925, 0.499999999925], [0.681818181715909, 0.8181818180590911]]",[1.0],[1.0],[0.36363636363636304],[0.636363636363636],0,1,8
2,44.20833420753479,7,"[0, 0]",44.21168088912964,3,"[[1.0, 1.0, 0.0, 2], [3.0, 1.0, 0.0, 3]]","[[5.0, 3.0, 0.0, 2], [6.0, 3.0, 0.0, 3]]","[[0.499999999925, 0.499999999925], [0.704545454439772, 0.7954545453352271]]",[1.0],[1.0],[0.409090909090909],[0.59090909090909],0,1,8
3,36.799973487854004,6,"[0, 0]",36.80302047729492,4,"[[3.0, 1.0, 0.0, 3], [5.0, 1.0, 0.0, 4]]","[[6.0, 3.0, 0.0, 3], [7.0, 3.0, 0.0, 4]]","[[0.499999999925, 0.499999999925], [0.727272727163636, 0.7727272726113631]]",[1.0],[1.0],[0.45454545454545403],[0.5454545454545451],0,1,8
4,28.726951122283936,5,"[0, 0]",28.72996425628662,5,"[[4.0, 1.0, 0.0, 4], [6.0, 1.0, 0.0, 5]]","[[7.0, 3.0, 0.0, 4], [8.0, 3.0, 0.0, 5]]","[[0.499999999925, 0.499999999925], [0.727272727163636, 0.7727272726113631]]",[1.0],[1.0],[0.45454545454545403],[0.5454545454545451],0,1,8
5,20.382927179336548,4,"[0, 0]",20.385868787765503,6,"[[6.0, 1.0, 0.0, 5], [8.0, 1.0, 0.0, 6]]","[[8.0, 3.0, 0.0, 5], [9.0, 3.0, 0.0, 6]]","[[0.499999999925, 0.499999999925], [0.7499999998875, 0.7499999998875]]",[1.0],[1.0],[0.5],[0.5],0,1,8
6,12.256993293762207,3,"[0, 0]",12.260214805603027,7,"[[8.0, 1.0, 0.0, 6], [10.0, 1.0, 0.0, 7]]","[[9.0, 3.0, 0.0, 6], [10.0, 3.0, 0.0, 7]]","[[0.499999999925, 0.499999999925], [0.7727272726113631, 0.727272727163636]]",[1.0],[1.0],[0.5454545454545451],[0.45454545454545403],0,1,8
7,4.356707811355591,2,"[0, 0]",4.360133409500122,8,"[[10.0, 1.0, 0.0, 7], [12.0, 1.0, 0.0, 8]]","[[10.0, 3.0, 0.0, 7], [11.0, 3.0, 0.0, 8]]","[[0.499999999925, 0.499999999925], [0.7954545453352271, 0.704545454439772]]",[1.0],[1.0],[0.59090909090909],[0.409090909090909],0,1,8
8,0.6763422489166261,1,"[0, 0]",0.678887844085693,9,"[[12.0, 1.0, 0.0, 8], [12.0, 1.0, -1.57, 9]]","[[11.0, 3.0, 0.0, 8], [12.0, 3.0, 1.57, 9]]","[[0.499999999925, 0.499999999925], [0.7727272726113631, 0.727272727163636]]",[1.0],[1.0],[0.5454545454545451],[0.45454545454545403],0,1,8
0,45.827956438064575,7,"[0, 0]",45.83135175704956,1,"[[1.0, 3.0, 0.0, 0], [1.0, 3.0, -1.57, 1]]","[[3.0, 3.0, 0.0, 0], [4.0, 3.0, 0.0, 1]]","[[0.499999999925, 0.499999999925], [0.704545454439772, 0.7954545453352271]]",[1.0],[1.0],[0.409090909090909],[0.59090909090909],0,0,2
1,42.6582396030426,7,"[0, 0]",42.66152906417847,2,"[[1.0, 3.0, -1.57, 1], [1.0, 1.0, 0.0, 2]]","[[4.0, 3.0, 0.0, 1], [5.0, 3.0, 0.0, 2]]","[[0.499999999925, 0.499999999925], [0.681818181715909, 0.8181818180590911]]",[1.0],[1.0],[0.36363636363636304],[0.636363636363636],0,0,2
2,43.976603746414185,7,"[0, 0]",43.979684591293335,3,"[[1.0, 1.0, 0.0, 2], [2.0, 1.0, 0.0, 3]]","[[5.0, 3.0, 0.0, 2], [6.0, 3.0, 0.0, 3]]","[[0.499999999925, 0.499999999925], [0.681818181715909, 0.8181818180590911]]",[1.0],[1.0],[0.36363636363636304],[0.636363636363636],0,0,2
3,36.404903173446655,6,"[0, 0]",36.40796446800232,4,"[[2.0, 1.0, 0.0, 3], [4.0, 1.0, 0.0, 4]]","[[6.0, 3.0, 0.0, 3], [7.0, 3.0, 0.0, 4]]","[[0.499999999925, 0.499999999925], [0.704545454439772, 0.7954545453352271]]",[1.0],[1.0],[0.409090909090909],[0.59090909090909],0,0,2
4,28.46968698501587,5,"[0, 0]",28.47293734550476,5,"[[4.0, 1.0, 0.0, 4], [6.0, 1.0, 0.0, 5]]","[[7.0, 3.0, 0.0, 4], [8.0, 3.0, 0.0, 5]]","[[0.499999999925, 0.499999999925], [0.727272727163636, 0.7727272726113631]]",[1.0],[1.0],[0.45454545454545403],[0.5454545454545451],0,0,2
5,20.6211576461792,4,"[0, 0]",20.62434220314026,6,"[[6.0, 1.0, 0.0, 5], [8.0, 1.0, 0.0, 6]]","[[8.0, 3.0, 0.0, 5], [9.0, 3.0, 0.0, 6]]","[[0.499999999925, 0.499999999925], [0.7499999998875, 0.7499999998875]]",[1.0],[1.0],[0.5],[0.5],0,0,2
6,12.260884761810303,3,"[0, 0]",12.263957738876343,7,"[[8.0, 1.0, 0.0, 6], [10.0, 1.0, 0.0, 7]]","[[9.0, 3.0, 0.0, 6], [10.0, 3.0, 0.0, 7]]","[[0.499999999925, 0.499999999925], [0.7727272726113631, 0.727272727163636]]",[1.0],[1.0],[0.5454545454545451],[0.45454545454545403],0,0,2
7,4.413385629653931,2,"[0, 0]",4.416338443756103,8,"[[10.0, 1.0, 0.0, 7], [12.0, 1.0, 0.0, 8]]","[[10.0, 3.0, 0.0, 7], [11.0, 3.0, 0.0, 8]]","[[0.499999999925, 0.499999999925], [0.7954545453352271, 0.704545454439772]]",[1.0],[1.0],[0.59090909090909],[0.409090909090909],0,0,2
8,0.6821599006652831,1,"[0, 0]",0.684709072113037,9,"[[12.0, 1.0, 0.0, 8], [12.0, 1.0, 1.57, 9]]","[[11.0, 3.0, 0.0, 8], [11.0, 3.0, 0.0, 9]]","[[0.499999999925, 0.499999999925], [0.7954545453352271, 0.704545454439772]]",[1.0],[1.0],[0.59090909090909],[0.409090909090909],0,0,2
9,0.8125560283660881,1,"[0, 0]",0.8156936168670651,10,"[[12.0, 1.0, 1.57, 9], [12.0, 1.0, 3.14, 10]]","[[12.0, 3.0, 1.57, 9], [12.0, 3.0, 3.14, 10]]","[[0.499999999925, 0.499999999925], [0.7727272726113631, 0.727272727163636]]",[1.0],[1.0],[0.5454545454545451],[0.45454545454545403],0,0,2
0,45.56779384613037,7,"[0, 0]",45.57159638404846,1,"[[1.0, 3.0, 0.0, 0], [2.0, 3.0, -1.57, 1]]","[[3.0, 3.0, 0.0, 0], [4.0, 3.0, 0.0, 1]]","[[0.499999999925, 0.499999999925], [0.727272727163636, 0.7727272726113631]]",[1.0],[1.0],[0.45454545454545403],[0.5454545454545451],0,1,2
1,42.413761138916016,7,"[0, 0]",42.41731023788452,2,"[[1.0, 3.0, -1.57, 1], [1.0, 1.0, 0.0, 2]]","[[4.0, 3.0, 0.0, 1], [5.0, 3.0, 0.0, 2]]","[[0.499999999925, 0.499999999925], [0.681818181715909, 0.8181818180590911]]",[1.0],[1.0],[0.36363636363636304],[0.636363636363636],0,1,2
2,43.77557969093323,7,"[0, 0]",43.77871108055115,3,"[[1.0, 1.0, 0.0, 2], [3.0, 1.0, 0.0, 3]]","[[5.0, 3.0, 0.0, 2], [6.0, 3.0, 0.0, 3]]","[[0.499999999925, 0.499999999925], [0.704545454439772, 0.7954545453352271]]",[1.0],[1.0],[0.409090909090909],[0.59090909090909],0,1,2
3,36.294750928878784,6,"[0, 0]",36.29894995689392,4,"[[2.0, 1.0, 0.0, 3], [4.0, 1.0, 0.0, 4]]","[[6.0, 3.0, 0.0, 3], [7.0, 3.0, 0.0, 4]]","[[0.499999999925, 0.499999999925], [0.704545454439772, 0.7954545453352271]]",[1.0],[1.0],[0.409090909090909],[0.59090909090909],0,1,2
4,28.558976411819458,5,"[0, 0]",28.562660694122314,5,"[[4.0, 1.0, 0.0, 4], [6.0, 1.0, 0.0, 5]]","[[7.0, 3.0, 0.0, 4], [8.0, 3.0, 0.0, 5]]","[[0.499999999925, 0.499999999925], [0.727272727163636, 0.7727272726113631]]",[1.0],[1.0],[0.45454545454545403],[0.5454545454545451],0,1,2
5,20.348033905029297,4,"[0, 0]",20.35166311264038,6,"[[6.0, 1.0, 0.0, 5], [8.0, 1.0, 0.0, 6]]","[[8.0, 3.0, 0.0, 5], [9.0, 3.0, 0.0, 6]]","[[0.499999999925, 0.499999999925], [0.7499999998875, 0.7499999998875]]",[1.0],[1.0],[0.5],[0.5],0,1,2
6,12.315112829208374,3,"[0, 0]",12.318319082260132,7,"[[8.0, 1.0, 0.0, 6], [10.0, 1.0, 0.0, 7]]","[[9.0, 3.0, 0.0, 6], [10.0, 3.0, 0.0, 7]]","[[0.499999999925, 0.499999999925], [0.7727272726113631, 0.727272727163636]]",[1.0],[1.0],[0.5454545454545451],[0.45454545454545403],0,1,2
7,4.337752342224121,2,"[0, 0]",4.341022729873657,8,"[[10.0, 1.0, 0.0, 7], [12.0, 1.0, 0.0, 8]]","[[10.0, 3.0, 0.0, 7], [11.0, 3.0, 0.0, 8]]","[[0.499999999925, 0.499999999925], [0.7954545453352271, 0.704545454439772]]",[1.0],[1.0],[0.59090909090909],[0.409090909090909],0,1,2
8,0.6759898662567131,1,"[1, 0]",0.678720712661743,9,"[[12.0, 1.0, 0.0, 8], [13.0, 1.0, 0.0, 9]]","[[11.0, 3.0, 0.0, 8], [12.0, 3.0, 1.57, 9]]","[[0.499999999925, 0.499999999925], [0.7954545453352271, 0.704545454439772]]",[1.0],[1.0],[0.59090909090909],[0.409090909090909],0,1,2
9,0.793989419937133,1,"[0, 0]",0.799453973770141,10,"[[12.0, 1.0, 1.57, 9], [12.0, 3.0, 1.57, 10]]","[[12.0, 3.0, 1.57, 9], [12.0, 3.0, 1.57, 10]]","[[0.0, 0.0], [0.27272727268636304, 0.227272727238636]]",[0.0],[0.0],[0.5454545454545451],[0.45454545454545403],1,1,2
0,46.93726181983948,7,"[0, 0]",46.94093203544617,1,"[[1.0, 3.0, 0.0, 0], [3.0, 3.0, 1.57, 1]]","[[3.0, 3.0, 0.0, 0], [4.0, 3.0, 0.0, 1]]","[[0.499999999925, 0.499999999925], [0.7499999998875, 0.7499999998875]]",[1.0],[1.0],[0.5],[0.5],0,0,1
1,37.47189664840698,6,"[0, 0]",37.47512888908386,2,"[[3.0, 3.0, 1.57, 1], [3.0, 5.0, -0.0, 2]]","[[4.0, 3.0, 0.0, 1], [5.0, 3.0, 0.0, 2]]","[[0.499999999925, 0.499999999925], [0.727272727163636, 0.7727272726113631]]",[1.0],[1.0],[0.45454545454545403],[0.5454545454545451],0,0,1
2,38.061084032058716,6,"[0, 0]",38.06501293182373,3,"[[3.0, 5.0, -0.0, 2], [5.0, 5.0, 0.0, 3]]","[[5.0, 3.0, 0.0, 2], [6.0, 3.0, 0.0, 3]]","[[0.499999999925, 0.499999999925], [0.7499999998875, 0.7499999998875]]",[1.0],[1.0],[0.5],[0.5],0,0,1
3,28.404293298721313,5,"[0, 0]",28.40865445137024,4,"[[5.0, 5.0, 0.0, 3], [7.0, 5.0, 0.0, 4]]","[[6.0, 3.0, 0.0, 3], [7.0, 3.0, 0.0, 4]]","[[0.499999999925, 0.499999999925], [0.7727272726113631, 0.727272727163636]]",[1.0],[1.0],[0.5454545454545451],[0.45454545454545403],0,0,1
4,20.14667844772339,4,"[0, 0]",20.14980721473694,5,"[[7.0, 5.0, 0.0, 4], [9.0, 5.0, 0.0, 5]]","[[7.0, 3.0, 0.0, 4], [8.0, 3.0, -1.57, 5]]","[[0.499999999925, 0.499999999925], [0.7954545453352271, 0.704545454439772]]",[1.0],[1.0],[0.59090909090909],[0.409090909090909],0,0,1
5,11.777535200119019,3,"[0, 0]",11.780680418014526,6,"[[9.0, 5.0, 0.0, 5], [10.0, 5.0, 0.0, 6]]","[[8.0, 3.0, -1.57, 5], [8.0, 2.0, 0.0, 6]]","[[0.499999999925, 0.499999999925], [0.8181818180590911, 0.681818181715909]]",[1.0],[1.0],[0.636363636363636],[0.36363636363636304],0,0,1
6,4.3367297649383545,2,"[0, 0]",4.340922594070435,7,"[[10.0, 5.0, 0.0, 6], [12.0, 5.0, 0.0, 7]]","[[8.0, 2.0, 0.0, 6], [9.0, 2.0, 0.0, 7]]","[[0.499999999925, 0.499999999925], [0.8409090907829541, 0.659090908992045]]",[1.0],[1.0],[0.6818181818181811],[0.318181818181818],0,0,1
7,0.664119720458984,1,"[0, 0]",0.6673421859741211,8,"[[12.0, 5.0, 0.0, 7], [12.0, 5.0, 0.0, 8]]","[[9.0, 2.0, 0.0, 7], [10.0, 2.0, 1.57, 8]]","[[0.499999999925, 0.499999999925], [0.8181818180590911, 0.681818181715909]]",[1.0],[1.0],[0.636363636363636],[0.36363636363636304],0,0,1
8,0.6879005432128901,1,"[0, 0]",0.690739631652832,9,"[[12.0, 5.0, 0.0, 8], [12.0, 5.0, 1.57, 9]]","[[9.0, 2.0, 0.0, 8], [9.0, 2.0, -1.57, 9]]","[[0.499999999925, 0.499999999925], [0.8409090907829541, 0.659090908992045]]",[1.0],[1.0],[0.6818181818181811],[0.318181818181818],0,0,1
9,0.7294394969940181,1,"[0, 0]",0.732707023620605,10,"[[12.0, 5.0, 1.57, 9], [12.0, 5.0, 1.57, 10]]","[[10.0, 2.0, -1.57, 9], [10.0, 1.0, 0.0, 10]]","[[0.499999999925, 0.499999999925], [0.8181818180590911, 0.681818181715909]]",[1.0],[1.0],[0.636363636363636],[0.36363636363636304],0,0,1
0,46.83647656440735,7,"[0, 0]",46.8397421836853,1,"[[1.0, 3.0, 0.0, 0], [3.0, 3.0, 1.57, 1]]","[[3.0, 3.0, 0.0, 0], [4.0, 3.0, 0.0, 1]]","[[0.499999999925, 0.499999999925], [0.7499999998875, 0.7499999998875]]",[1.0],[1.0],[0.5],[0.5],0,1,1
1,36.943342447280884,6,"[0, 0]",36.94667840003967,2,"[[3.0, 3.0, 1.57, 1], [3.0, 5.0, -0.0, 2]]","[[4.0, 3.0, 0.0, 1], [5.0, 3.0, 0.0, 2]]","[[0.499999999925, 0.499999999925], [0.727272727163636, 0.7727272726113631]]",[1.0],[1.0],[0.45454545454545403],[0.5454545454545451],0,1,1
2,36.95993661880493,6,"[0, 0]",36.96325087547302,3,"[[3.0, 5.0, -0.0, 2], [5.0, 5.0, 0.0, 3]]","[[5.0, 3.0, 0.0, 2], [6.0, 3.0, 0.0, 3]]","[[0.499999999925, 0.499999999925], [0.7499999998875, 0.7499999998875]]",[1.0],[1.0],[0.5],[0.5],0,1,1
3,28.38326120376587,5,"[0, 0]",28.38633966445923,4,"[[5.0, 5.0, 0.0, 3], [7.0, 5.0, 0.0, 4]]","[[6.0, 3.0, 0.0, 3], [7.0, 3.0, 0.0, 4]]","[[0.499999999925, 0.499999999925], [0.7727272726113631, 0.727272727163636]]",[1.0],[1.0],[0.5454545454545451],[0.45454545454545403],0,1,1
4,20.100125551223755,4,"[0, 0]",20.103415727615356,5,"[[7.0, 5.0, 0.0, 4], [9.0, 5.0, 0.0, 5]]","[[7.0, 3.0, 0.0, 4], [8.0, 3.0, -1.57, 5]]","[[0.499999999925, 0.499999999925], [0.7954545453352271, 0.704545454439772]]",[1.0],[1.0],[0.59090909090909],[0.409090909090909],0,1,1
5,11.938075542449951,3,"[0, 0]",11.941390037536621,6,"[[9.0, 5.0, 0.0, 5], [10.0, 5.0, 0.0, 6]]","[[8.0, 3.0, -1.57, 5], [8.0, 2.0, 0.0, 6]]","[[0.499999999925, 0.499999999925], [0.8181818180590911, 0.681818181715909]]",[1.0],[1.0],[0.636363636363636],[0.36363636363636304],0,1,1
6,4.334447622299194,2,"[0, 0]",4.33855390548706,7,"[[10.0, 5.0, 0.0, 6], [12.0, 5.0, 0.0, 7]]","[[8.0, 2.0, 0.0, 6], [9.0, 2.0, 0.0, 7]]","[[0.499999999925, 0.499999999925], [0.8409090907829541, 0.659090908992045]]",[1.0],[1.0],[0.6818181818181811],[0.318181818181818],0,1,1
7,0.700466394424438,1,"[1, 0]",0.703485488891601,8,"[[12.0, 5.0, 0.0, 7], [13.0, 5.0, -1.57, 8]]","[[9.0, 2.0, 0.0, 7], [9.0, 2.0, 0.0, 8]]","[[0.499999999925, 0.499999999925], [0.863636363506818, 0.636363636268181]]",[1.0],[1.0],[0.7272727272727271],[0.27272727272727204],0,1,1
8,0.678027868270874,1,"[0, 0]",0.6808066368103021,9,"[[12.0, 5.0, 0.0, 8], [12.0, 5.0, -1.57, 9]]","[[9.0, 2.0, 0.0, 8], [10.0, 2.0, -1.57, 9]]","[[0.499999999925, 0.499999999925], [0.8181818180590911, 0.681818181715909]]",[1.0],[1.0],[0.636363636363636],[0.36363636363636304],0,1,1
9,0.7126419544219971,1,"[0, 0]",0.7147748470306391,10,"[[12.0, 5.0, 1.57, 9], [12.0, 5.0, -0.0, 10]]","[[10.0, 2.0, -1.57, 9], [10.0, 2.0, 0.0, 10]]","[[0.499999999925, 0.499999999925], [0.8181818180590911, 0.681818181715909]]",[1.0],[1.0],[0.636363636363636],[0.36363636363636304],0,1,1
0,46.628461837768555,7,"[0, 0]",46.6321976184845,1,"[[1.0, 3.0, 0.0, 0], [1.0, 3.0, -1.57, 1]]","[[3.0, 3.0, 0.0, 0], [4.0, 3.0, 0.0, 1]]","[[0.499999999925, 0.499999999925], [0.704545454439772, 0.7954545453352271]]",[1.0],[1.0],[0.409090909090909],[0.59090909090909],0,0,4
1,43.39995861053467,7,"[0, 0]",43.403244972229004,2,"[[1.0, 3.0, -1.57, 1], [1.0, 1.0, 0.0, 2]]","[[4.0, 3.0, 0.0, 1], [5.0, 3.0, 0.0, 2]]","[[0.499999999925, 0.499999999925], [0.681818181715909, 0.8181818180590911]]",[1.0],[1.0],[0.36363636363636304],[0.636363636363636],0,0,4
2,43.86190724372864,7,"[0, 0]",43.86469602584839,3,"[[1.0, 1.0, 0.0, 2], [2.0, 1.0, 0.0, 3]]","[[5.0, 3.0, 0.0, 2], [6.0, 3.0, 0.0, 3]]","[[0.499999999925, 0.499999999925], [0.681818181715909, 0.8181818180590911]]",[1.0],[1.0],[0.36363636363636304],[0.636363636363636],0,0,4
3,36.29841995239258,6,"[0, 0]",36.302743434906006,4,"[[2.0, 1.0, 0.0, 3], [3.0, 1.0, 0.0, 4]]","[[6.0, 3.0, 0.0, 3], [7.0, 3.0, 0.0, 4]]","[[0.499999999925, 0.499999999925], [0.681818181715909, 0.8181818180590911]]",[1.0],[1.0],[0.36363636363636304],[0.636363636363636],0,0,4
4,37.05901312828064,6,"[0, 0]",37.062559366226196,5,"[[3.0, 1.0, 0.0, 4], [5.0, 1.0, 0.0, 5]]","[[7.0, 3.0, 0.0, 4], [8.0, 3.0, 0.0, 5]]","[[0.499999999925, 0.499999999925], [0.704545454439772, 0.7954545453352271]]",[1.0],[1.0],[0.409090909090909],[0.59090909090909],0,0,4
5,28.589833974838257,5,"[0, 0]",28.593186616897583,6,"[[5.0, 1.0, 0.0, 5], [7.0, 1.0, 0.0, 6]]","[[8.0, 3.0, 0.0, 5], [9.0, 3.0, 0.0, 6]]","[[0.499999999925, 0.499999999925], [0.727272727163636, 0.7727272726113631]]",[1.0],[1.0],[0.45454545454545403],[0.5454545454545451],0,0,4
6,20.11498999595642,4,"[0, 0]",20.118000984191895,7,"[[7.0, 1.0, 0.0, 6], [9.0, 1.0, 0.0, 7]]","[[9.0, 3.0, 0.0, 6], [10.0, 3.0, 0.0, 7]]","[[0.499999999925, 0.499999999925], [0.7499999998875, 0.7499999998875]]",[1.0],[1.0],[0.5],[0.5],0,0,4
7,11.663427829742432,3,"[0, 0]",11.666906356811523,8,"[[9.0, 1.0, 0.0, 7], [10.0, 1.0, 0.0, 8]]","[[10.0, 3.0, 0.0, 7], [11.0, 3.0, 0.0, 8]]","[[0.499999999925, 0.499999999925], [0.7499999998875, 0.7499999998875]]",[1.0],[1.0],[0.5],[0.5],0,0,4
8,4.294242858886719,2,"[0, 0]",4.297455072402954,9,"[[10.0, 1.0, 0.0, 8], [12.0, 1.0, 0.0, 9]]","[[11.0, 3.0, 0.0, 8], [12.0, 3.0, 0.0, 9]]","[[0.499999999925, 0.499999999925], [0.7727272726113631, 0.727272727163636]]",[1.0],[1.0],[0.5454545454545451],[0.45454545454545403],0,0,4
9,0.664058446884155,1,"[0, 1]",0.666734218597412,10,"[[12.0, 1.0, 0.0, 9], [12.0, 1.0, 0.0, 10]]","[[12.0, 3.0, 0.0, 9], [13.0, 3.0, 1.57, 10]]","[[0.499999999925, 0.499999999925], [0.7499999998875, 0.7499999998875]]",[1.0],[1.0],[0.5],[0.5],0,0,4
0,2755.3082706928253,7,"[0, 0]",2755.311847448349,1,"[[1.0, 3.0, 0.0, 0], [2.0, 3.0, 1.57, 1]]","[[3.0, 3.0, 0.0, 0], [4.0, 3.0, 0.0, 1]]","[[0.499999999925, 0.499999999925], [0.727272727163636, 0.7727272726113631]]",[1.0],[1.0],[0.45454545454545403],[0.5454545454545451],0,1,4
1,42.69220304489136,7,"[0, 0]",42.695300340652466,2,"[[1.0, 3.0, -1.57, 1], [1.0, 1.0, 0.0, 2]]","[[4.0, 3.0, 0.0, 1], [5.0, 3.0, 0.0, 2]]","[[0.499999999925, 0.499999999925], [0.681818181715909, 0.8181818180590911]]",[1.0],[1.0],[0.36363636363636304],[0.636363636363636],0,1,4
2,44.012688875198364,7,"[0, 0]",44.016440868377686,3,"[[1.0, 1.0, 0.0, 2], [3.0, 1.0, 0.0, 3]]","[[5.0, 3.0, 0.0, 2], [6.0, 3.0, 0.0, 3]]","[[0.499999999925, 0.499999999925], [0.704545454439772, 0.7954545453352271]]",[1.0],[1.0],[0.409090909090909],[0.59090909090909],0,1,4
3,36.46986126899719,6,"[0, 0]",36.473121643066406,4,"[[2.0, 1.0, 0.0, 3], [4.0, 1.0, 0.0, 4]]","[[6.0, 3.0, 0.0, 3], [7.0, 3.0, 0.0, 4]]","[[0.499999999925, 0.499999999925], [0.704545454439772, 0.7954545453352271]]",[1.0],[1.0],[0.409090909090909],[0.59090909090909],0,1,4
4,36.746679067611694,6,"[0, 0]",36.74984121322632,5,"[[3.0, 1.0, 0.0, 4], [5.0, 1.0, 0.0, 5]]","[[7.0, 3.0, 0.0, 4], [8.0, 3.0, 0.0, 5]]","[[0.499999999925, 0.499999999925], [0.704545454439772, 0.7954545453352271]]",[1.0],[1.0],[0.409090909090909],[0.59090909090909],0,1,4
5,28.477210760116577,5,"[0, 0]",28.480502367019653,6,"[[5.0, 1.0, 0.0, 5], [7.0, 1.0, 0.0, 6]]","[[8.0, 3.0, 0.0, 5], [9.0, 3.0, 0.0, 6]]","[[0.499999999925, 0.499999999925], [0.727272727163636, 0.7727272726113631]]",[1.0],[1.0],[0.45454545454545403],[0.5454545454545451],0,1,4
6,20.21377205848694,4,"[0, 0]",20.216850757598877,7,"[[7.0, 1.0, 0.0, 6], [9.0, 1.0, 0.0, 7]]","[[9.0, 3.0, 0.0, 6], [10.0, 3.0, 0.0, 7]]","[[0.499999999925, 0.499999999925], [0.7499999998875, 0.7499999998875]]",[1.0],[1.0],[0.5],[0.5],0,1,4
7,11.762742519378662,3,"[0, 0]",11.76597785949707,8,"[[9.0, 1.0, 0.0, 7], [10.0, 1.0, 0.0, 8]]","[[10.0, 3.0, 0.0, 7], [11.0, 3.0, 0.0, 8]]","[[0.499999999925, 0.499999999925], [0.7499999998875, 0.7499999998875]]",[1.0],[1.0],[0.5],[0.5],0,1,4
8,4.240546941757202,2,"[0, 0]",4.24395489692688,9,"[[10.0, 1.0, 0.0, 8], [12.0, 1.0, 0.0, 9]]","[[11.0, 3.0, 0.0, 8], [12.0, 3.0, 0.0, 9]]","[[0.499999999925, 0.499999999925], [0.7727272726113631, 0.727272727163636]]",[1.0],[1.0],[0.5454545454545451],[0.45454545454545403],0,1,4
9,0.669904708862304,1,"[0, 1]",0.672590255737304,10,"[[12.0, 1.0, 0.0, 9], [12.0, 1.0, 1.57, 10]]","[[12.0, 3.0, 0.0, 9], [13.0, 3.0, 1.57, 10]]","[[0.499999999925, 0.499999999925], [0.7499999998875, 0.7499999998875]]",[1.0],[1.0],[0.5],[0.5],0,1,4
0,46.25799489021301,7,"[0, 0]",46.261067628860474,1,"[[1.0, 3.0, 0.0, 0], [1.0, 3.0, 1.57, 1]]","[[3.0, 3.0, 0.0, 0], [4.0, 3.0, 0.0, 1]]","[[0.499999999925, 0.499999999925], [0.704545454439772, 0.7954545453352271]]",[1.0],[1.0],[0.409090909090909],[0.59090909090909],0,0,7
1,42.789045095443726,7,"[0, 0]",42.79210305213928,2,"[[1.0, 3.0, 1.57, 1], [1.0, 5.0, -0.0, 2]]","[[4.0, 3.0, 0.0, 1], [5.0, 3.0, 0.0, 2]]","[[0.499999999925, 0.499999999925], [0.681818181715909, 0.8181818180590911]]",[1.0],[1.0],[0.36363636363636304],[0.636363636363636],0,0,7
2,44.19152212142944,7,"[0, 0]",44.194880962371826,3,"[[1.0, 5.0, -0.0, 2], [3.0, 5.0, 0.0, 3]]","[[5.0, 3.0, 0.0, 2], [6.0, 3.0, 0.0, 3]]","[[0.499999999925, 0.499999999925], [0.704545454439772, 0.7954545453352271]]",[1.0],[1.0],[0.409090909090909],[0.59090909090909],0,0,7
3,36.79378867149353,6,"[0, 0]",36.797502517700195,4,"[[3.0, 5.0, 0.0, 3], [5.0, 5.0, 0.0, 4]]","[[6.0, 3.0, 0.0, 3], [7.0, 3.0, 0.0, 4]]","[[0.499999999925, 0.499999999925], [0.727272727163636, 0.7727272726113631]]",[1.0],[1.0],[0.45454545454545403],[0.5454545454545451],0,0,7
4,28.761670351028442,5,"[0, 0]",28.765323162078857,5,"[[5.0, 5.0, 0.0, 4], [7.0, 5.0, 0.0, 5]]","[[7.0, 3.0, 0.0, 4], [8.0, 3.0, 0.0, 5]]","[[0.499999999925, 0.499999999925], [0.7499999998875, 0.7499999998875]]",[1.0],[1.0],[0.5],[0.5],0,0,7
5,20.18995690345764,4,"[0, 0]",20.1931209564209,6,"[[7.0, 5.0, 0.0, 5], [9.0, 5.0, 0.0, 6]]","[[8.0, 3.0, 0.0, 5], [9.0, 3.0, 0.0, 6]]","[[0.499999999925, 0.499999999925], [0.7727272726113631, 0.727272727163636]]",[1.0],[1.0],[0.5454545454545451],[0.45454545454545403],0,0,7
6,11.862202644348145,3,"[0, 0]",11.865607261657715,7,"[[9.0, 5.0, 0.0, 6], [10.0, 5.0, 0.0, 7]]","[[9.0, 3.0, 0.0, 6], [10.0, 3.0, -1.57, 7]]","[[0.499999999925, 0.499999999925], [0.7727272726113631, 0.727272727163636]]",[1.0],[1.0],[0.5454545454545451],[0.45454545454545403],0,0,7
7,4.399411201477051,2,"[0, 0]",4.402651309967041,8,"[[10.0, 5.0, 0.0, 7], [12.0, 5.0, 0.0, 8]]","[[10.0, 3.0, -1.57, 7], [10.0, 2.0, 0.0, 8]]","[[0.499999999925, 0.499999999925], [0.8181818180590911, 0.681818181715909]]",[1.0],[1.0],[0.636363636363636],[0.36363636363636304],0,0,7
8,0.664414644241333,1,"[0, 0]",0.666991233825683,9,"[[12.0, 5.0, 0.0, 8], [12.0, 5.0, 1.57, 9]]","[[10.0, 3.0, 0.0, 8], [10.0, 3.0, 1.57, 9]]","[[0.499999999925, 0.499999999925], [0.8181818180590911, 0.681818181715909]]",[1.0],[1.0],[0.636363636363636],[0.36363636363636304],0,0,7
9,0.6987252235412591,1,"[0, 0]",0.7008514404296871,10,"[[12.0, 5.0, 1.57, 9], [12.0, 5.0, -0.0, 10]]","[[11.0, 3.0, -1.57, 9], [11.0, 3.0, -1.57, 10]]","[[0.499999999925, 0.499999999925], [0.7954545453352271, 0.704545454439772]]",[1.0],[1.0],[0.59090909090909],[0.409090909090909],0,0,7
0,46.07757806777954,7,"[0, 0]",46.080862283706665,1,"[[1.0, 3.0, 0.0, 0], [1.0, 3.0, -1.57, 1]]","[[3.0, 3.0, 0.0, 0], [4.0, 3.0, 0.0, 1]]","[[0.499999999925, 0.499999999925], [0.704545454439772, 0.7954545453352271]]",[1.0],[1.0],[0.409090909090909],[0.59090909090909],0,1,7
1,42.77487754821777,7,"[0, 0]",42.777782917022705,2,"[[1.0, 3.0, 1.57, 1], [1.0, 5.0, -0.0, 2]]","[[4.0, 3.0, 0.0, 1], [5.0, 3.0, 0.0, 2]]","[[0.499999999925, 0.499999999925], [0.681818181715909, 0.8181818180590911]]",[1.0],[1.0],[0.36363636363636304],[0.636363636363636],0,1,7
2,44.38066577911377,7,"[0, 0]",44.384113788604736,3,"[[1.0, 5.0, -0.0, 2], [3.0, 5.0, 0.0, 3]]","[[5.0, 3.0, 0.0, 2], [6.0, 3.0, 0.0, 3]]","[[0.499999999925, 0.499999999925], [0.704545454439772, 0.7954545453352271]]",[1.0],[1.0],[0.409090909090909],[0.59090909090909],0,1,7
3,36.97071576118469,6,"[0, 0]",36.97401165962219,4,"[[3.0, 5.0, 0.0, 3], [5.0, 5.0, 0.0, 4]]","[[6.0, 3.0, 0.0, 3], [7.0, 3.0, 0.0, 4]]","[[0.499999999925, 0.499999999925], [0.727272727163636, 0.7727272726113631]]",[1.0],[1.0],[0.45454545454545403],[0.5454545454545451],0,1,7
4,28.60284423828125,5,"[0, 0]",28.605730772018433,5,"[[5.0, 5.0, 0.0, 4], [7.0, 5.0, 0.0, 5]]","[[7.0, 3.0, 0.0, 4], [8.0, 3.0, 0.0, 5]]","[[0.499999999925, 0.499999999925], [0.7499999998875, 0.7499999998875]]",[1.0],[1.0],[0.5],[0.5],0,1,7
5,20.363232612609863,4,"[0, 0]",20.36645531654358,6,"[[7.0, 5.0, 0.0, 5], [9.0, 5.0, 0.0, 6]]","[[8.0, 3.0, 0.0, 5], [9.0, 3.0, 0.0, 6]]","[[0.499999999925, 0.499999999925], [0.7727272726113631, 0.727272727163636]]",[1.0],[1.0],[0.5454545454545451],[0.45454545454545403],0,1,7
6,11.791551351547241,3,"[0, 0]",11.79454779624939,7,"[[9.0, 5.0, 0.0, 6], [10.0, 5.0, 0.0, 7]]","[[9.0, 3.0, 0.0, 6], [10.0, 3.0, -1.57, 7]]","[[0.499999999925, 0.499999999925], [0.7727272726113631, 0.727272727163636]]",[1.0],[1.0],[0.5454545454545451],[0.45454545454545403],0,1,7
7,4.360686540603638,2,"[0, 0]",4.363959312438965,8,"[[10.0, 5.0, 0.0, 7], [12.0, 5.0, 0.0, 8]]","[[10.0, 3.0, -1.57, 7], [10.0, 3.0, 0.0, 8]]","[[0.499999999925, 0.499999999925], [0.8181818180590911, 0.681818181715909]]",[1.0],[1.0],[0.636363636363636],[0.36363636363636304],0,1,7
8,0.694212675094604,1,"[1, 0]",0.6966981887817381,9,"[[12.0, 5.0, 0.0, 8], [13.0, 5.0, 1.57, 9]]","[[10.0, 3.0, 0.0, 8], [11.0, 3.0, -1.57, 9]]","[[0.499999999925, 0.499999999925], [0.8181818180590911, 0.681818181715909]]",[1.0],[1.0],[0.636363636363636],[0.36363636363636304],0,1,7
9,0.715254068374633,1,"[0, 0]",0.7172439098358151,10,"[[12.0, 5.0, 1.57, 9], [12.0, 5.0, 1.57, 10]]","[[11.0, 3.0, -1.57, 9], [11.0, 2.0, -1.57, 10]]","[[0.499999999925, 0.499999999925], [0.7954545453352271, 0.704545454439772]]",[1.0],[1.0],[0.59090909090909],[0.409090909090909],0,1,7
0,50.94528341293335,7,"[0, 0]",50.94891285896301,1,"[[1.0, 3.0, 0.0, 0], [2.0, 3.0, 1.57, 1]]","[[3.0, 3.0, 0.0, 0], [4.0, 3.0, 0.0, 1]]","[[0.499999999925, 0.499999999925], [0.727272727163636, 0.7727272726113631]]",[1.0],[1.0],[0.45454545454545403],[0.5454545454545451],0,0,0
1,44.21109700202942,6,"[0, 0]",44.21455407142639,2,"[[2.0, 3.0, 1.57, 1], [2.0, 5.0, -0.0, 2]]","[[4.0, 3.0, 0.0, 1], [5.0, 3.0, 0.0, 2]]","[[0.499999999925, 0.499999999925], [0.704545454439772, 0.7954545453352271]]",[1.0],[1.0],[0.409090909090909],[0.59090909090909],0,0,0
2,44.53036642074585,6,"[0, 0]",44.533576250076294,3,"[[2.0, 5.0, -0.0, 2], [4.0, 5.0, 0.0, 3]]","[[5.0, 3.0, 0.0, 2], [6.0, 3.0, 0.0, 3]]","[[0.499999999925, 0.499999999925], [0.727272727163636, 0.7727272726113631]]",[1.0],[1.0],[0.45454545454545403],[0.5454545454545451],0,0,0
3,29.707809925079346,5,"[0, 0]",29.710825443267822,4,"[[4.0, 5.0, 0.0, 3], [6.0, 5.0, 0.0, 4]]","[[6.0, 3.0, 0.0, 3], [7.0, 3.0, 0.0, 4]]","[[0.499999999925, 0.499999999925], [0.7499999998875, 0.7499999998875]]",[1.0],[1.0],[0.5],[0.5],0,0,0
4,20.4232919216156,4,"[0, 0]",20.42629837989807,5,"[[6.0, 5.0, 0.0, 4], [8.0, 5.0, 0.0, 5]]","[[7.0, 3.0, 0.0, 4], [8.0, 3.0, 0.0, 5]]","[[0.499999999925, 0.499999999925], [0.7727272726113631, 0.727272727163636]]",[1.0],[1.0],[0.5454545454545451],[0.45454545454545403],0,0,0
5,12.560158967971802,3,"[0, 0]",12.563337087631226,6,"[[8.0, 5.0, 0.0, 5], [10.0, 5.0, 0.0, 6]]","[[8.0, 3.0, 0.0, 5], [9.0, 3.0, -1.57, 6]]","[[0.499999999925, 0.499999999925], [0.7954545453352271, 0.704545454439772]]",[1.0],[1.0],[0.59090909090909],[0.409090909090909],0,0,0
6,4.391466856002808,2,"[0, 0]",4.3946614265441895,7,"[[10.0, 5.0, 0.0, 6], [12.0, 5.0, 0.0, 7]]","[[9.0, 3.0, -1.57, 6], [9.0, 2.0, 0.0, 7]]","[[0.499999999925, 0.499999999925], [0.8409090907829541, 0.659090908992045]]",[1.0],[1.0],[0.6818181818181811],[0.318181818181818],0,0,0
7,0.6914758682250971,1,"[0, 0]",0.6943755149841301,8,"[[12.0, 5.0, 0.0, 7], [12.0, 5.0, 0.0, 8]]","[[9.0, 2.0, 0.0, 7], [10.0, 2.0, 0.0, 8]]","[[0.499999999925, 0.499999999925], [0.8181818180590911, 0.681818181715909]]",[1.0],[1.0],[0.636363636363636],[0.36363636363636304],0,0,0
8,0.6678614616394041,1,"[0, 0]",0.67121410369873,9,"[[12.0, 5.0, 0.0, 8], [12.0, 5.0, -1.57, 9]]","[[9.0, 2.0, 0.0, 8], [10.0, 2.0, 0.0, 9]]","[[0.499999999925, 0.499999999925], [0.8181818180590911, 0.681818181715909]]",[1.0],[1.0],[0.636363636363636],[0.36363636363636304],0,0,0
9,0.805011510848999,1,"[0, 0]",0.8085470199584961,10,"[[12.0, 5.0, -1.57, 9], [12.0, 3.0, -3.14, 10]]","[[9.0, 2.0, 0.0, 9], [10.0, 2.0, 0.0, 10]]","[[0.499999999925, 0.499999999925], [0.8181818180590911, 0.681818181715909]]",[1.0],[1.0],[0.636363636363636],[0.36363636363636304],0,0,0
0,49.27198934555054,7,"[0, 0]",49.27991700172424,1,"[[1.0, 3.0, 0.0, 0], [1.0, 3.0, 1.57, 1]]","[[3.0, 3.0, 0.0, 0], [4.0, 3.0, 0.0, 1]]","[[0.499999999925, 0.499999999925], [0.704545454439772, 0.7954545453352271]]",[1.0],[1.0],[0.409090909090909],[0.59090909090909],0,1,0
1,42.03422522544861,6,"[0, 0]",42.039191246032715,2,"[[2.0, 3.0, 1.57, 1], [2.0, 5.0, -0.0, 2]]","[[4.0, 3.0, 0.0, 1], [5.0, 3.0, 0.0, 2]]","[[0.499999999925, 0.499999999925], [0.704545454439772, 0.7954545453352271]]",[1.0],[1.0],[0.409090909090909],[0.59090909090909],0,1,0
2,38.44258379936218,6,"[0, 0]",38.445735454559326,3,"[[2.0, 5.0, -0.0, 2], [4.0, 5.0, 0.0, 3]]","[[5.0, 3.0, 0.0, 2], [6.0, 3.0, 0.0, 3]]","[[0.499999999925, 0.499999999925], [0.727272727163636, 0.7727272726113631]]",[1.0],[1.0],[0.45454545454545403],[0.5454545454545451],0,1,0
3,28.927573919296265,5,"[0, 0]",28.93109679222107,4,"[[4.0, 5.0, 0.0, 3], [6.0, 5.0, 0.0, 4]]","[[6.0, 3.0, 0.0, 3], [7.0, 3.0, 0.0, 4]]","[[0.499999999925, 0.499999999925], [0.7499999998875, 0.7499999998875]]",[1.0],[1.0],[0.5],[0.5],0,1,0
4,20.814636707305908,4,"[0, 0]",20.8177387714386,5,"[[6.0, 5.0, 0.0, 4], [8.0, 5.0, 0.0, 5]]","[[7.0, 3.0, 0.0, 4], [8.0, 3.0, 0.0, 5]]","[[0.499999999925, 0.499999999925], [0.7727272726113631, 0.727272727163636]]",[1.0],[1.0],[0.5454545454545451],[0.45454545454545403],0,1,0
5,12.268043756484985,3,"[0, 0]",12.271318674087524,6,"[[8.0, 5.0, 0.0, 5], [10.0, 5.0, 0.0, 6]]","[[8.0, 3.0, 0.0, 5], [9.0, 3.0, -1.57, 6]]","[[0.499999999925, 0.499999999925], [0.7954545453352271, 0.704545454439772]]",[1.0],[1.0],[0.59090909090909],[0.409090909090909],0,1,0
6,4.385401725769043,2,"[0, 0]",4.389082193374634,7,"[[10.0, 5.0, 0.0, 6], [12.0, 5.0, 0.0, 7]]","[[9.0, 3.0, -1.57, 6], [9.0, 2.0, 0.0, 7]]","[[0.499999999925, 0.499999999925], [0.8409090907829541, 0.659090908992045]]",[1.0],[1.0],[0.6818181818181811],[0.318181818181818],0,1,0
7,0.697456836700439,1,"[0, 0]",0.7003374099731441,8,"[[12.0, 5.0, 0.0, 7], [12.0, 5.0, 1.57, 8]]","[[9.0, 2.0, 0.0, 7], [9.0, 2.0, 0.0, 8]]","[[0.499999999925, 0.499999999925], [0.8409090907829541, 0.659090908992045]]",[1.0],[1.0],[0.6818181818181811],[0.318181818181818],0,1,0
8,0.6813857555389401,1,"[0, 0]",0.6845567226409911,9,"[[12.0, 5.0, 0.0, 8], [12.0, 5.0, 1.57, 9]]","[[9.0, 2.0, 0.0, 8], [9.0, 2.0, 0.0, 9]]","[[0.499999999925, 0.499999999925], [0.8409090907829541, 0.659090908992045]]",[1.0],[1.0],[0.6818181818181811],[0.318181818181818],0,1,0
9,0.7936792373657221,1,"[0, 0]",0.7979180812835691,10,"[[12.0, 5.0, -1.57, 9], [12.0, 3.0, -1.57, 10]]","[[9.0, 2.0, 0.0, 9], [10.0, 2.0, -1.57, 10]]","[[0.499999999925, 0.499999999925], [0.8181818180590911, 0.681818181715909]]",[1.0],[1.0],[0.636363636363636],[0.36363636363636304],0,1,0
0,46.98497796058655,7,"[0, 0]",46.988540172576904,1,"[[1.0, 3.0, 0.0, 0], [2.0, 3.0, 1.57, 1]]","[[3.0, 3.0, 0.0, 0], [4.0, 3.0, 0.0, 1]]","[[0.499999999925, 0.499999999925], [0.727272727163636, 0.7727272726113631]]",[1.0],[1.0],[0.45454545454545403],[0.5454545454545451],0,0,9
1,36.47484374046326,6,"[0, 0]",36.47841429710388,2,"[[2.0, 3.0, 1.57, 1], [2.0, 5.0, -0.0, 2]]","[[4.0, 3.0, 0.0, 1], [5.0, 3.0, 0.0, 2]]","[[0.499999999925, 0.499999999925], [0.704545454439772, 0.7954545453352271]]",[1.0],[1.0],[0.409090909090909],[0.59090909090909],0,0,9
2,36.968750953674316,6,"[0, 0]",36.97204279899597,3,"[[2.0, 5.0, -0.0, 2], [4.0, 5.0, 0.0, 3]]","[[5.0, 3.0, 0.0, 2], [6.0, 3.0, 0.0, 3]]","[[0.499999999925, 0.499999999925], [0.727272727163636, 0.7727272726113631]]",[1.0],[1.0],[0.45454545454545403],[0.5454545454545451],0,0,9
3,28.876558303833008,5,"[0, 0]",28.87969207763672,4,"[[4.0, 5.0, 0.0, 3], [6.0, 5.0, 0.0, 4]]","[[6.0, 3.0, 0.0, 3], [7.0, 3.0, 0.0, 4]]","[[0.499999999925, 0.499999999925], [0.7499999998875, 0.7499999998875]]",[1.0],[1.0],[0.5],[0.5],0,0,9
4,20.493283987045288,4,"[0, 0]",20.49641227722168,5,"[[6.0, 5.0, 0.0, 4], [8.0, 5.0, 0.0, 5]]","[[7.0, 3.0, 0.0, 4], [8.0, 3.0, 0.0, 5]]","[[0.499999999925, 0.499999999925], [0.7727272726113631, 0.727272727163636]]",[1.0],[1.0],[0.5454545454545451],[0.45454545454545403],0,0,9
5,12.43665361404419,3,"[0, 0]",12.43971848487854,6,"[[8.0, 5.0, 0.0, 5], [10.0, 5.0, 0.0, 6]]","[[8.0, 3.0, 0.0, 5], [9.0, 3.0, -1.57, 6]]","[[0.499999999925, 0.499999999925], [0.7954545453352271, 0.704545454439772]]",[1.0],[1.0],[0.59090909090909],[0.409090909090909],0,0,9
6,4.559660196304321,2,"[0, 0]",4.5630943775177,7,"[[10.0, 5.0, 0.0, 6], [12.0, 5.0, 0.0, 7]]","[[9.0, 3.0, -1.57, 6], [9.0, 3.0, 0.0, 7]]","[[0.499999999925, 0.499999999925], [0.8409090907829541, 0.659090908992045]]",[1.0],[1.0],[0.6818181818181811],[0.318181818181818],0,0,9
7,0.6877925395965571,1,"[0, 0]",0.690798282623291,8,"[[12.0, 5.0, 0.0, 7], [12.0, 5.0, 1.57, 8]]","[[9.0, 2.0, 0.0, 7], [9.0, 2.0, -1.57, 8]]","[[0.499999999925, 0.499999999925], [0.8409090907829541, 0.659090908992045]]",[1.0],[1.0],[0.6818181818181811],[0.318181818181818],0,0,9
8,0.725444078445434,1,"[0, 0]",0.7278954982757561,9,"[[12.0, 5.0, 1.57, 8], [12.0, 5.0, -0.0, 9]]","[[9.0, 2.0, 1.57, 8], [9.0, 2.0, 3.14, 9]]","[[0.499999999925, 0.499999999925], [0.8409090907829541, 0.659090908992045]]",[1.0],[1.0],[0.6818181818181811],[0.318181818181818],0,0,9
9,0.686573028564453,1,"[1, 0]",0.689027786254882,10,"[[12.0, 5.0, -0.0, 9], [13.0, 5.0, 1.57, 10]]","[[9.0, 3.0, 3.14, 9], [8.0, 3.0, 3.14, 10]]","[[0.499999999925, 0.499999999925], [0.886363636230681, 0.613636363544318]]",[1.0],[1.0],[0.772727272727272],[0.22727272727272702],0,0,9
0,46.246949911117554,7,"[0, 0]",46.25025820732117,1,"[[1.0, 3.0, 0.0, 0], [2.0, 3.0, -1.57, 1]]","[[3.0, 3.0, 0.0, 0], [4.0, 3.0, 0.0, 1]]","[[0.499999999925, 0.499999999925], [0.727272727163636, 0.7727272726113631]]",[1.0],[1.0],[0.45454545454545403],[0.5454545454545451],0,1,9
1,36.67358994483948,6,"[0, 0]",36.67653131484985,2,"[[2.0, 3.0, 1.57, 1], [2.0, 5.0, -0.0, 2]]","[[4.0, 3.0, 0.0, 1], [5.0, 3.0, 0.0, 2]]","[[0.499999999925, 0.499999999925], [0.704545454439772, 0.7954545453352271]]",[1.0],[1.0],[0.409090909090909],[0.59090909090909],0,1,9
2,37.06566286087036,6,"[0, 0]",37.06861996650696,3,"[[2.0, 5.0, -0.0, 2], [4.0, 5.0, 0.0, 3]]","[[5.0, 3.0, 0.0, 2], [6.0, 3.0, 0.0, 3]]","[[0.499999999925, 0.499999999925], [0.727272727163636, 0.7727272726113631]]",[1.0],[1.0],[0.45454545454545403],[0.5454545454545451],0,1,9
3,29.119816064834595,5,"[0, 0]",29.122984170913696,4,"[[4.0, 5.0, 0.0, 3], [6.0, 5.0, 0.0, 4]]","[[6.0, 3.0, 0.0, 3], [7.0, 3.0, 0.0, 4]]","[[0.499999999925, 0.499999999925], [0.7499999998875, 0.7499999998875]]",[1.0],[1.0],[0.5],[0.5],0,1,9
4,20.50726628303528,4,"[0, 0]",20.51071310043335,5,"[[6.0, 5.0, 0.0, 4], [8.0, 5.0, 0.0, 5]]","[[7.0, 3.0, 0.0, 4], [8.0, 3.0, 0.0, 5]]","[[0.499999999925, 0.499999999925], [0.7727272726113631, 0.727272727163636]]",[1.0],[1.0],[0.5454545454545451],[0.45454545454545403],0,1,9
5,12.49575138092041,3,"[0, 0]",12.498985290527344,6,"[[8.0, 5.0, 0.0, 5], [10.0, 5.0, 0.0, 6]]","[[8.0, 3.0, 0.0, 5], [9.0, 3.0, -1.57, 6]]","[[0.499999999925, 0.499999999925], [0.7954545453352271, 0.704545454439772]]",[1.0],[1.0],[0.59090909090909],[0.409090909090909],0,1,9
6,4.687608480453491,2,"[0, 0]",4.691282510757446,7,"[[10.0, 5.0, 0.0, 6], [12.0, 5.0, 0.0, 7]]","[[9.0, 3.0, -1.57, 6], [9.0, 2.0, 0.0, 7]]","[[0.499999999925, 0.499999999925], [0.8409090907829541, 0.659090908992045]]",[1.0],[1.0],[0.6818181818181811],[0.318181818181818],0,1,9
7,0.6917595863342281,1,"[0, 0]",0.6953349113464351,8,"[[12.0, 5.0, 0.0, 7], [12.0, 5.0, -1.57, 8]]","[[9.0, 2.0, 0.0, 7], [9.0, 2.0, 1.57, 8]]","[[0.499999999925, 0.499999999925], [0.8409090907829541, 0.659090908992045]]",[1.0],[1.0],[0.6818181818181811],[0.318181818181818],0,1,9
8,0.7068376541137691,1,"[0, 0]",0.708974838256835,9,"[[12.0, 5.0, 1.57, 8], [12.0, 5.0, -0.0, 9]]","[[9.0, 2.0, 1.57, 8], [9.0, 3.0, 3.14, 9]]","[[0.499999999925, 0.499999999925], [0.8409090907829541, 0.659090908992045]]",[1.0],[1.0],[0.6818181818181811],[0.318181818181818],0,1,9
9,0.690825223922729,1,"[0, 0]",0.6937756538391111,10,"[[12.0, 5.0, -0.0, 9], [12.0, 5.0, 0.0, 10]]","[[9.0, 3.0, 3.14, 9], [8.0, 3.0, 1.57, 10]]","[[0.499999999925, 0.499999999925], [0.863636363506818, 0.636363636268181]]",[1.0],[1.0],[0.7272727272727271],[0.27272727272727204],0,1,9
0,45.93256449699402,7,"[0, 0]",45.93636679649353,1,"[[1.0, 3.0, 0.0, 0], [1.0, 3.0, 1.57, 1]]","[[3.0, 3.0, 0.0, 0], [4.0, 3.0, 0.0, 1]]","[[0.499999999925, 0.499999999925], [0.704545454439772, 0.7954545453352271]]",[1.0],[1.0],[0.409090909090909],[0.59090909090909],0,0,6
1,42.613354444503784,7,"[0, 0]",42.61638569831848,2,"[[1.0, 3.0, 1.57, 1], [1.0, 5.0, -0.0, 2]]","[[4.0, 3.0, 0.0, 1], [5.0, 3.0, 0.0, 2]]","[[0.499999999925, 0.499999999925], [0.681818181715909, 0.8181818180590911]]",[1.0],[1.0],[0.36363636363636304],[0.636363636363636],0,0,6
2,44.06499457359314,7,"[0, 0]",44.06817984580994,3,"[[1.0, 5.0, -0.0, 2], [3.0, 5.0, 0.0, 3]]","[[5.0, 3.0, 0.0, 2], [6.0, 3.0, 0.0, 3]]","[[0.499999999925, 0.499999999925], [0.704545454439772, 0.7954545453352271]]",[1.0],[1.0],[0.409090909090909],[0.59090909090909],0,0,6
3,36.818888902664185,6,"[0, 0]",36.822399616241455,4,"[[3.0, 5.0, 0.0, 3], [5.0, 5.0, 0.0, 4]]","[[6.0, 3.0, 0.0, 3], [7.0, 3.0, 0.0, 4]]","[[0.499999999925, 0.499999999925], [0.727272727163636, 0.7727272726113631]]",[1.0],[1.0],[0.45454545454545403],[0.5454545454545451],0,0,6
4,28.561382055282593,5,"[0, 0]",28.564531564712524,5,"[[5.0, 5.0, 0.0, 4], [7.0, 5.0, 0.0, 5]]","[[7.0, 3.0, 0.0, 4], [8.0, 3.0, 0.0, 5]]","[[0.499999999925, 0.499999999925], [0.7499999998875, 0.7499999998875]]",[1.0],[1.0],[0.5],[0.5],0,0,6
5,20.103986024856567,4,"[0, 0]",20.10720705986023,6,"[[7.0, 5.0, 0.0, 5], [9.0, 5.0, 0.0, 6]]","[[8.0, 3.0, 0.0, 5], [9.0, 3.0, 0.0, 6]]","[[0.499999999925, 0.499999999925], [0.7727272726113631, 0.727272727163636]]",[1.0],[1.0],[0.5454545454545451],[0.45454545454545403],0,0,6
6,11.823254585266113,3,"[0, 0]",11.826772451400757,7,"[[9.0, 5.0, 0.0, 6], [10.0, 5.0, 0.0, 7]]","[[9.0, 3.0, 0.0, 6], [10.0, 3.0, 0.0, 7]]","[[0.499999999925, 0.499999999925], [0.7727272726113631, 0.727272727163636]]",[1.0],[1.0],[0.5454545454545451],[0.45454545454545403],0,0,6
7,4.409913778305054,2,"[0, 0]",4.413187503814697,8,"[[10.0, 5.0, 0.0, 7], [12.0, 5.0, 0.0, 8]]","[[10.0, 3.0, 0.0, 7], [11.0, 3.0, 0.0, 8]]","[[0.499999999925, 0.499999999925], [0.7954545453352271, 0.704545454439772]]",[1.0],[1.0],[0.59090909090909],[0.409090909090909],0,0,6
8,0.6697340011596681,1,"[1, 0]",0.6722786426544191,9,"[[12.0, 5.0, 0.0, 8], [13.0, 5.0, 0.0, 9]]","[[11.0, 3.0, 0.0, 8], [12.0, 3.0, -1.57, 9]]","[[0.499999999925, 0.499999999925], [0.7954545453352271, 0.704545454439772]]",[1.0],[1.0],[0.59090909090909],[0.409090909090909],0,0,6
0,45.61193084716797,7,"[0, 0]",45.614848375320435,1,"[[1.0, 3.0, 0.0, 0], [3.0, 3.0, -1.57, 1]]","[[3.0, 3.0, 0.0, 0], [4.0, 3.0, 0.0, 1]]","[[0.499999999925, 0.499999999925], [0.7499999998875, 0.7499999998875]]",[1.0],[1.0],[0.5],[0.5],0,1,6
1,42.31324243545532,7,"[0, 0]",42.31624984741211,2,"[[1.0, 3.0, 1.57, 1], [1.0, 5.0, -0.0, 2]]","[[4.0, 3.0, 0.0, 1], [5.0, 3.0, 0.0, 2]]","[[0.499999999925, 0.499999999925], [0.681818181715909, 0.8181818180590911]]",[1.0],[1.0],[0.36363636363636304],[0.636363636363636],0,1,6
2,44.46999931335449,7,"[0, 0]",44.47305727005005,3,"[[1.0, 5.0, -0.0, 2], [3.0, 5.0, 0.0, 3]]","[[5.0, 3.0, 0.0, 2], [6.0, 3.0, 0.0, 3]]","[[0.499999999925, 0.499999999925], [0.704545454439772, 0.7954545453352271]]",[1.0],[1.0],[0.409090909090909],[0.59090909090909],0,1,6
3,36.81778955459595,6,"[0, 0]",36.82058882713318,4,"[[3.0, 5.0, 0.0, 3], [5.0, 5.0, 0.0, 4]]","[[6.0, 3.0, 0.0, 3], [7.0, 3.0, 0.0, 4]]","[[0.499999999925, 0.499999999925], [0.727272727163636, 0.7727272726113631]]",[1.0],[1.0],[0.45454545454545403],[0.5454545454545451],0,1,6
4,28.573455333709717,5,"[0, 0]",28.576669931411743,5,"[[5.0, 5.0, 0.0, 4], [7.0, 5.0, 0.0, 5]]","[[7.0, 3.0, 0.0, 4], [8.0, 3.0, 0.0, 5]]","[[0.499999999925, 0.499999999925], [0.7499999998875, 0.7499999998875]]",[1.0],[1.0],[0.5],[0.5],0,1,6
5,20.20334005355835,4,"[0, 0]",20.206454277038574,6,"[[7.0, 5.0, 0.0, 5], [9.0, 5.0, 0.0, 6]]","[[8.0, 3.0, 0.0, 5], [9.0, 3.0, 0.0, 6]]","[[0.499999999925, 0.499999999925], [0.7727272726113631, 0.727272727163636]]",[1.0],[1.0],[0.5454545454545451],[0.45454545454545403],0,1,6
6,11.855252981185913,3,"[0, 0]",11.858305931091309,7,"[[9.0, 5.0, 0.0, 6], [10.0, 5.0, 0.0, 7]]","[[9.0, 3.0, 0.0, 6], [10.0, 3.0, 0.0, 7]]","[[0.499999999925, 0.499999999925], [0.7727272726113631, 0.727272727163636]]",[1.0],[1.0],[0.5454545454545451],[0.45454545454545403],0,1,6
7,4.347038269042969,2,"[0, 0]",4.350108861923218,8,"[[10.0, 5.0, 0.0, 7], [12.0, 5.0, 0.0, 8]]","[[10.0, 3.0, 0.0, 7], [11.0, 3.0, 0.0, 8]]","[[0.499999999925, 0.499999999925], [0.7954545453352271, 0.704545454439772]]",[1.0],[1.0],[0.59090909090909],[0.409090909090909],0,1,6
8,0.672245740890502,1,"[1, 0]",0.675212383270263,9,"[[12.0, 5.0, 0.0, 8], [13.0, 5.0, -1.57, 9]]","[[11.0, 3.0, 0.0, 8], [12.0, 3.0, 0.0, 9]]","[[0.499999999925, 0.499999999925], [0.7954545453352271, 0.704545454439772]]",[1.0],[1.0],[0.59090909090909],[0.409090909090909],0,1,6
0,45.828659772872925,7,"[0, 0]",45.83179330825806,1,"[[1.0, 3.0, 0.0, 0], [2.0, 3.0, 1.57, 1]]","[[3.0, 3.0, 0.0, 0], [4.0, 3.0, 0.0, 1]]","[[0.499999999925, 0.499999999925], [0.727272727163636, 0.7727272726113631]]",[1.0],[1.0],[0.45454545454545403],[0.5454545454545451],0,0,3
1,36.3913197517395,6,"[0, 0]",36.39431118965149,2,"[[2.0, 3.0, 1.57, 1], [2.0, 5.0, -0.0, 2]]","[[4.0, 3.0, 0.0, 1], [5.0, 3.0, 0.0, 2]]","[[0.499999999925, 0.499999999925], [0.704545454439772, 0.7954545453352271]]",[1.0],[1.0],[0.409090909090909],[0.59090909090909],0,0,3
2,36.85317254066467,6,"[0, 0]",36.85736656188965,3,"[[2.0, 5.0, -0.0, 2], [4.0, 5.0, 0.0, 3]]","[[5.0, 3.0, 0.0, 2], [6.0, 3.0, 0.0, 3]]","[[0.499999999925, 0.499999999925], [0.727272727163636, 0.7727272726113631]]",[1.0],[1.0],[0.45454545454545403],[0.5454545454545451],0,0,3
3,28.514665603637695,5,"[0, 0]",28.51766037940979,4,"[[4.0, 5.0, 0.0, 3], [6.0, 5.0, 0.0, 4]]","[[6.0, 3.0, 0.0, 3], [7.0, 3.0, 0.0, 4]]","[[0.499999999925, 0.499999999925], [0.7499999998875, 0.7499999998875]]",[1.0],[1.0],[0.5],[0.5],0,0,3
4,20.17872166633606,4,"[0, 0]",20.18191647529602,5,"[[6.0, 5.0, 0.0, 4], [8.0, 5.0, 0.0, 5]]","[[7.0, 3.0, 0.0, 4], [8.0, 3.0, 0.0, 5]]","[[0.499999999925, 0.499999999925], [0.7727272726113631, 0.727272727163636]]",[1.0],[1.0],[0.5454545454545451],[0.45454545454545403],0,0,3
5,13.700050354003906,3,"[0, 0]",13.70451545715332,6,"[[8.0, 5.0, 0.0, 5], [10.0, 5.0, 0.0, 6]]","[[8.0, 3.0, 0.0, 5], [9.0, 3.0, 0.0, 6]]","[[0.499999999925, 0.499999999925], [0.7954545453352271, 0.704545454439772]]",[1.0],[1.0],[0.59090909090909],[0.409090909090909],0,0,3
6,4.472395896911621,2,"[0, 0]",4.475340843200684,7,"[[10.0, 5.0, 0.0, 6], [12.0, 5.0, 0.0, 7]]","[[9.0, 3.0, 0.0, 6], [10.0, 3.0, 0.0, 7]]","[[0.499999999925, 0.499999999925], [0.8181818180590911, 0.681818181715909]]",[1.0],[1.0],[0.636363636363636],[0.36363636363636304],0,0,3
7,0.690887451171875,1,"[1, 0]",0.6932158470153801,8,"[[12.0, 5.0, 0.0, 7], [13.0, 5.0, -1.57, 8]]","[[10.0, 3.0, 0.0, 7], [10.0, 3.0, 1.57, 8]]","[[0.499999999925, 0.499999999925], [0.8409090907829541, 0.659090908992045]]",[1.0],[1.0],[0.6818181818181811],[0.318181818181818],0,0,3
0,46.106528759002686,7,"[0, 0]",46.109644651412964,1,"[[1.0, 3.0, 0.0, 0], [1.0, 3.0, 1.57, 1]]","[[3.0, 3.0, 0.0, 0], [4.0, 3.0, 0.0, 1]]","[[0.499999999925, 0.499999999925], [0.704545454439772, 0.7954545453352271]]",[1.0],[1.0],[0.409090909090909],[0.59090909090909],0,1,3
1,36.247127532958984,6,"[0, 0]",36.250410079956055,2,"[[2.0, 3.0, 1.57, 1], [2.0, 5.0, -0.0, 2]]","[[4.0, 3.0, 0.0, 1], [5.0, 3.0, 0.0, 2]]","[[0.499999999925, 0.499999999925], [0.704545454439772, 0.7954545453352271]]",[1.0],[1.0],[0.409090909090909],[0.59090909090909],0,1,3
2,36.73975896835327,6,"[0, 0]",36.74281668663025,3,"[[2.0, 5.0, -0.0, 2], [4.0, 5.0, 0.0, 3]]","[[5.0, 3.0, 0.0, 2], [6.0, 3.0, 0.0, 3]]","[[0.499999999925, 0.499999999925], [0.727272727163636, 0.7727272726113631]]",[1.0],[1.0],[0.45454545454545403],[0.5454545454545451],0,1,3
3,28.72200608253479,5,"[0, 0]",28.72512459754944,4,"[[4.0, 5.0, 0.0, 3], [6.0, 5.0, 0.0, 4]]","[[6.0, 3.0, 0.0, 3], [7.0, 3.0, 0.0, 4]]","[[0.499999999925, 0.499999999925], [0.7499999998875, 0.7499999998875]]",[1.0],[1.0],[0.5],[0.5],0,1,3
4,24.606364727020264,4,"[0, 0]",24.61122488975525,5,"[[6.0, 5.0, 0.0, 4], [8.0, 5.0, 0.0, 5]]","[[7.0, 3.0, 0.0, 4], [8.0, 3.0, 0.0, 5]]","[[0.499999999925, 0.499999999925], [0.7727272726113631, 0.727272727163636]]",[1.0],[1.0],[0.5454545454545451],[0.45454545454545403],0,1,3
5,12.745203256607056,3,"[0, 0]",12.748989820480347,6,"[[8.0, 5.0, 0.0, 5], [10.0, 5.0, 0.0, 6]]","[[8.0, 3.0, 0.0, 5], [9.0, 3.0, 0.0, 6]]","[[0.499999999925, 0.499999999925], [0.7954545453352271, 0.704545454439772]]",[1.0],[1.0],[0.59090909090909],[0.409090909090909],0,1,3
6,4.383930921554565,2,"[0, 0]",4.386977434158325,7,"[[10.0, 5.0, 0.0, 6], [12.0, 5.0, 0.0, 7]]","[[9.0, 3.0, 0.0, 6], [10.0, 3.0, 0.0, 7]]","[[0.499999999925, 0.499999999925], [0.8181818180590911, 0.681818181715909]]",[1.0],[1.0],[0.636363636363636],[0.36363636363636304],0,1,3
7,0.678438663482666,1,"[1, 0]",0.68153166770935,8,"[[12.0, 5.0, 0.0, 7], [13.0, 5.0, 1.57, 8]]","[[10.0, 3.0, 0.0, 7], [11.0, 3.0, 0.0, 8]]","[[0.499999999925, 0.499999999925], [0.8181818180590911, 0.681818181715909]]",[1.0],[1.0],[0.636363636363636],[0.36363636363636304],0,1,3
