timestep,alphat_eff_gamelength_5,runtime_gamelength_5,game_length,winner,runtime,T_terminal,trajectory_0,trajectory_1,payoff_total,coll_payoff_0,coll_payoff_1,final_lead_payoff_0,final_lead_payoff_1,alphat_eff_gamelength_4,runtime_gamelength_4,alphat_eff_gamelength_3,runtime_gamelength_3,collisions,data_of_agent,run_num,alphat_eff_gamelength_2,runtime_gamelength_2
0,0.9578262852211511,3.29395318031311,4,"[0, 0]",6.4970104694366455,1,"[[1.0, 2.0, 0.0, 0], [2.0, 2.0, -1.5707963267948961, 1]]","[[1.0, 4.0, 0.0, 0], [3.0, 4.0, -1.5707963267948961, 1]]","[[0.499999999925, 0.499999999925], [0.7388160826223691, 0.76118391715263]]",[1.0],[1.0],[0.47763216546638304],[0.522367834533616],,,,,0,0,5,,
1,,,3,"[0, 0]",4.409723997116089,1,"[[2.0, 2.0, -1.5707963267948961, 0], [2.0, 1.0, -3.141592653589793, 1]]","[[2.0, 4.0, 1.5707963267948961, 0], [2.0, 4.0, 0.0, 1]]","[[0.499999999925, 0.499999999925], [0.760519928640186, 0.7394800711348131]]",[1.0],[1.0],[0.521039857508528],[0.47896014249147106],0.843274042711567,2.579351663589477,,,0,0,5,,
2,,,3,"[0, 0]",4.924885511398315,1,"[[2.0, 1.0, -3.141592653589793, 0], [2.0, 1.0, -3.141592653589793, 1]]","[[2.0, 5.0, 0.0, 0], [3.0, 5.0, -1.5707963267948961, 1]]","[[0.499999999925, 0.499999999925], [0.7388160826223691, 0.76118391715263]]",[1.0],[1.0],[0.47763216546638304],[0.522367834533616],0.8122769321068951,2.743969678878784,,,0,0,5,,
3,,,3,"[0, 0]",4.531304836273193,1,"[[2.0, 1.0, -3.141592653589793, 0], [2.0, 1.0, -4.71238898038469, 1]]","[[4.0, 5.0, 0.0, 0], [5.0, 5.0, 1.5707963267948961, 1]]","[[0.499999999925, 0.499999999925], [0.706260313595644, 0.7937396861793561]]",[1.0],[1.0],[0.41252062740316603],[0.587479372596833],0.8944271909999151,2.460344791412353,,,0,0,5,,
4,,,2,"[0, 0]",3.792537927627563,1,"[[2.0, 1.0, -4.71238898038469, 0], [1.9999999999999991, 3.0, -0.0, 1]]","[[6.0, 5.0, 1.5707963267948961, 0], [6.0, 5.0, 1.5707963267948961, 1]]","[[0.499999999925, 0.499999999925], [0.6845564675778271, 0.815443532197173]]",[1.0],[1.0],[0.36911293536102],[0.630887064638979],,,0.832050294337843,2.178156852722168,0,0,5,,
5,,,2,"[0, 0]",4.880193710327148,1,"[[1.9999999999999991, 3.0, -0.0, 0], [3.999999999999999, 3.0, -1.5707963267948961, 1]]","[[6.0, 5.0, 1.5707963267948961, 0], [6.0, 5.0, 1.5707963267948961, 1]]","[[0.499999999925, 0.499999999925], [0.7281117126162261, 0.7718882871587731]]",[1.0],[1.0],[0.456223425450886],[0.543776574549113],,,0.832050294337843,2.902691602706909,0,0,5,,
6,,,2,"[0, 0]",3.7848587036132812,1,"[[3.999999999999999, 3.0, -1.5707963267948961, 0], [3.999999999999999, 3.0, 0.0, 1]]","[[6.0, 5.0, 1.5707963267948961, 0], [6.0, 5.0, 0.0, 1]]","[[0.499999999925, 0.499999999925], [0.7281117126162261, 0.7718882871587731]]",[1.0],[1.0],[0.456223425450886],[0.543776574549113],,,0.832050294337843,2.203296661376953,0,0,5,,
7,,,2,"[0, 0]",3.488430261611938,1,"[[3.999999999999999, 3.0, 0.0, 0], [3.999999999999999, 3.0, -1.5707963267948961, 1]]","[[6.0, 5.0, 1.5707963267948961, 0], [6.0, 5.0, 0.0, 1]]","[[0.499999999925, 0.499999999925], [0.7281117126162261, 0.7718882871587731]]",[1.0],[1.0],[0.456223425450886],[0.543776574549113],,,0.832050294337843,1.8954911231994631,0,0,5,,
8,,,2,"[0, 0]",3.634434938430786,1,"[[3.999999999999999, 3.0, -1.5707963267948961, 0], [3.999999999999999, 3.0, -1.5707963267948961, 1]]","[[6.0, 5.0, 3.141592653589793, 0], [5.0, 5.0, 3.141592653589793, 1]]","[[0.499999999925, 0.499999999925], [0.749815558634043, 0.7501844411409561]]",[1.0],[1.0],[0.499631117493031],[0.5003688825069681],,,0.832050294337843,1.9519789218902581,0,0,5,,
9,,,2,"[0, 0]",3.643955469131469,1,"[[3.999999999999999, 3.0, -1.5707963267948961, 0], [3.999999999999999, 3.0, -1.5707963267948961, 1]]","[[6.0, 5.0, 3.141592653589793, 0], [6.0, 5.0, 1.5707963267948961, 1]]","[[0.499999999925, 0.499999999925], [0.7281117126162261, 0.7718882871587731]]",[1.0],[1.0],[0.456223425450886],[0.543776574549113],,,0.832050294337843,1.9543237686157222,0,0,5,,
0,0.9578262852211511,1.009554862976074,4,"[0, 0]",4.17461371421814,1,"[[1.0, 2.0, 0.0, 0], [2.0, 2.0, 0.0, 1]]","[[1.0, 4.0, 0.0, 0], [2.0, 4.0, 1.5707963267948961, 1]]","[[0.499999999925, 0.499999999925], [0.760519928640186, 0.7394800711348131]]",[1.0],[1.0],[0.521039857508528],[0.47896014249147106],,,,,0,1,5,,
1,,,3,"[0, 0]",3.288968086242676,1,"[[2.0, 2.0, -1.5707963267948961, 0], [2.0, 1.0, -1.5707963267948961, 1]]","[[2.0, 4.0, 1.5707963267948961, 0], [2.0, 5.0, 0.0, 1]]","[[0.499999999925, 0.499999999925], [0.760519928640186, 0.7394800711348131]]",[1.0],[1.0],[0.521039857508528],[0.47896014249147106],0.843274042711567,1.096815824508667,,,0,1,5,,
2,,,3,"[0, 0]",3.198325872421264,1,"[[2.0, 1.0, -3.141592653589793, 0], [2.0, 1.0, -3.141592653589793, 1]]","[[2.0, 5.0, 0.0, 0], [4.0, 5.0, 0.0, 1]]","[[0.499999999925, 0.499999999925], [0.7279641596134611, 0.772035840161539]]",[1.0],[1.0],[0.45592831944531104],[0.544071680554688],0.8122769321068951,1.085832357406616,,,0,1,5,,
3,,,3,"[0, 0]",3.321810245513916,1,"[[2.0, 1.0, -3.141592653589793, 0], [2.0, 1.0, -4.71238898038469, 1]]","[[4.0, 5.0, 0.0, 0], [6.0, 5.0, 1.5707963267948961, 1]]","[[0.499999999925, 0.499999999925], [0.6845564675778271, 0.815443532197173]]",[1.0],[1.0],[0.36911293536102],[0.630887064638979],0.8944271909999151,1.111501932144165,,,0,1,5,,
4,,,2,"[0, 0]",2.739461421966552,1,"[[2.0, 1.0, -4.71238898038469, 0], [2.0, 1.0, -0.0, 1]]","[[6.0, 5.0, 1.5707963267948961, 0], [6.0, 5.0, 1.5707963267948961, 1]]","[[0.499999999925, 0.499999999925], [0.6845564675778271, 0.815443532197173]]",[1.0],[1.0],[0.36911293536102],[0.630887064638979],,,0.832050294337843,0.9786105155944821,0,1,5,,
5,,,2,"[0, 0]",2.8421685695648193,1,"[[1.9999999999999991, 3.0, -0.0, 0], [2.999999999999999, 3.0, -1.5707963267948961, 1]]","[[6.0, 5.0, 1.5707963267948961, 0], [6.0, 5.0, 1.5707963267948961, 1]]","[[0.499999999925, 0.499999999925], [0.7063340900970261, 0.793665909677973]]",[1.0],[1.0],[0.41266818040595304],[0.587331819594046],,,0.832050294337843,0.9103007316589351,0,1,5,,
6,,,2,"[0, 0]",2.283401250839233,1,"[[3.999999999999999, 3.0, -1.5707963267948961, 0], [3.999999999999999, 3.0, 0.0, 1]]","[[6.0, 5.0, 1.5707963267948961, 0], [6.0, 5.0, 1.5707963267948961, 1]]","[[0.499999999925, 0.499999999925], [0.7281117126162261, 0.7718882871587731]]",[1.0],[1.0],[0.456223425450886],[0.543776574549113],,,0.832050294337843,0.8450608253479001,0,1,5,,
7,,,2,"[0, 0]",2.385040044784546,1,"[[3.999999999999999, 3.0, 0.0, 0], [6.0, 3.0, 0.0, 1]]","[[6.0, 5.0, 1.5707963267948961, 0], [6.0, 5.0, 3.141592653589793, 1]]","[[0.499999999925, 0.499999999925], [0.771666957654625, 0.7283330421203741]]",[1.0],[1.0],[0.5433339155407511],[0.45666608445924806],,,0.832050294337843,0.822678089141845,0,1,5,,
8,,,2,"[0, 0]",2.552209615707397,1,"[[3.999999999999999, 3.0, -1.5707963267948961, 0], [3.999999999999999, 3.0, -1.5707963267948961, 1]]","[[6.0, 5.0, 3.141592653589793, 0], [6.0, 5.0, 3.141592653589793, 1]]","[[0.499999999925, 0.499999999925], [0.7281117126162261, 0.7718882871587731]]",[1.0],[1.0],[0.456223425450886],[0.543776574549113],,,0.832050294337843,0.835537195205688,0,1,5,,
9,,,2,"[0, 0]",2.3688645362854,1,"[[3.999999999999999, 3.0, -1.5707963267948961, 0], [3.999999999999999, 2.0, 0.0, 1]]","[[6.0, 5.0, 3.141592653589793, 0], [4.0, 5.0, 1.5707963267948961, 1]]","[[0.499999999925, 0.499999999925], [0.7715194046518601, 0.728480595123139]]",[1.0],[1.0],[0.543038809535176],[0.45696119046482303],,,0.832050294337843,0.7696681022644041,0,1,5,,
0,0.9578262852211511,3.2695834636688232,4,"[0, 0]",61.74973011016846,1,"[[1.0, 2.0, 0.0, 0], [1.0, 2.0, 1.5707963267948961, 1]]","[[1.0, 4.0, 0.0, 0], [2.0, 4.0, 0.0, 1]]","[[0.499999999925, 0.499999999925], [0.738742306120986, 0.7612576936540131]]",[1.0],[1.0],[0.477484612463596],[0.522515387536403],,,,,0,0,8,,
1,,,3,"[0, 0]",61.543318033218384,1,"[[1.0, 2.0, 1.5707963267948961, 0], [1.0, 4.0, 3.141592653589793, 1]]","[[3.0, 4.0, 0.0, 0], [5.0, 4.0, 0.0, 1]]","[[0.499999999925, 0.499999999925], [0.6736307680675351, 0.826369231707464]]",[1.0],[1.0],[0.34726153633716],[0.652738463662839],0.843274042711567,2.852209091186523,,,0,0,8,,
2,,,3,"[0, 0]",61.89954924583435,1,"[[1.0, 4.0, 3.141592653589793, 0], [1.0, 4.0, 1.5707963267948961, 1]]","[[4.0, 4.0, -1.5707963267948961, 0], [4.0, 2.0, -1.5707963267948961, 1]]","[[0.499999999925, 0.499999999925], [0.6844826910764441, 0.8155173086985551]]",[1.0],[1.0],[0.368965382358233],[0.631034617641766],0.9363291775690441,3.003443717956543,,,0,0,8,,
3,,,3,"[0, 0]",61.12512683868408,1,"[[1.0, 4.0, 1.5707963267948961, 0], [1.0, 4.0, 3.141592653589793, 1]]","[[4.0, 4.0, 0.0, 0], [4.0, 4.0, 1.5707963267948961, 1]]","[[0.499999999925, 0.499999999925], [0.695334614085352, 0.8046653856896471]]",[1.0],[1.0],[0.390669228379305],[0.609330771620694],0.9363291775690441,2.236872434616089,,,0,0,8,,
4,,,3,"[0, 0]",4.248418092727661,1,"[[1.0, 4.0, 3.141592653589793, 0], [2.220446049250313e-16, 4.0, 1.5707963267948961, 1]]","[[4.0, 4.0, 0.0, 0], [6.0, 4.0, -1.5707963267948961, 1]]","[[0.499999999925, 0.499999999925], [0.651926922049718, 0.8480730777252811]]",[1.0],[1.0],[0.303853844295015],[0.6961461557049841],0.9363291775690441,2.370683670043945,,,0,0,8,,
5,,,3,"[0, 0]",61.72326445579529,1,"[[2.220446049250313e-16, 4.0, 1.5707963267948961, 0], [2.220446049250313e-16, 4.0, 0.0, 1]]","[[4.0, 4.0, 0.0, 0], [4.0, 4.0, -1.5707963267948961, 1]]","[[0.499999999925, 0.499999999925], [0.695334614085352, 0.8046653856896471]]",[1.0],[1.0],[0.390669228379305],[0.609330771620694],0.9363291775690441,2.726396083831787,,,0,0,8,,
6,,,2,"[0, 0]",60.95963931083679,1,"[[2.220446049250313e-16, 4.0, 0.0, 0], [1.0, 4.0, 0.0, 1]]","[[6.0, 4.0, 1.5707963267948961, 0], [6.0, 5.0, 3.141592653589793, 1]]","[[0.499999999925, 0.499999999925], [0.662778845058627, 0.837221154716372]]",[1.0],[1.0],[0.325557690316088],[0.6744423096839111],,,0.8944271909999151,1.84128737449646,0,0,8,,
7,,,2,"[0, 0]",3.390139102935791,1,"[[1.0, 4.0, 0.0, 0], [1.0, 4.0, 0.0, 1]]","[[6.0, 5.0, 0.0, 0], [6.0, 5.0, -1.5707963267948961, 1]]","[[0.499999999925, 0.499999999925], [0.662778845058627, 0.837221154716372]]",[1.0],[1.0],[0.325557690316088],[0.6744423096839111],,,0.832050294337843,1.782705068588256,0,0,8,,
8,,,2,"[0, 0]",61.08108830451965,1,"[[1.0, 4.0, 0.0, 0], [1.0, 4.0, -1.5707963267948961, 1]]","[[6.0, 5.0, 0.0, 0], [7.0, 5.0, -1.5707963267948961, 1]]","[[0.499999999925, 0.499999999925], [0.64107499904081, 0.8589250007341891]]",[1.0],[1.0],[0.28214999827394305],[0.7178500017260561],,,0.832050294337843,1.830090761184692,0,0,8,,
9,,,1,"[0, 0]",57.119304180145264,1,"[[1.0, 4.0, -1.5707963267948961, 0], [1.0, 4.0, -3.141592653589793, 1]]","[[8.0, 5.0, 1.5707963267948961, 0], [8.0, 5.0, 0.0, 1]]","[[0.499999999925, 0.499999999925], [0.6193711530229931, 0.880628846752006]]",[1.0],[1.0],[0.238742306231798],[0.7612576937682011],,,,,0,0,8,0.707106781186547,1.370872020721435
0,0.9578262852211511,1.307556390762329,4,"[0, 0]",58.0368492603302,1,"[[1.0, 2.0, 0.0, 0], [3.0, 2.0, 1.5707963267948961, 1]]","[[1.0, 4.0, 0.0, 0], [3.0, 4.0, 0.0, 1]]","[[0.499999999925, 0.499999999925], [0.7605937051415691, 0.7394062946334311]]",[1.0],[1.0],[0.521187410511316],[0.47881258948868305],,,,,0,1,8,,
1,,,3,"[0, 0]",58.25225067138672,1,"[[1.0, 2.0, 1.5707963267948961, 0], [1.0, 3.0, 3.141592653589793, 1]]","[[3.0, 4.0, 0.0, 0], [4.0, 4.0, -1.5707963267948961, 1]]","[[0.499999999925, 0.499999999925], [0.695334614085352, 0.8046653856896471]]",[1.0],[1.0],[0.390669228379305],[0.609330771620694],0.843274042711567,1.111115455627441,,,0,1,8,,
2,,,3,"[0, 0]",58.094276905059814,1,"[[1.0, 4.0, 3.141592653589793, 0], [1.0, 4.0, 4.71238898038469, 1]]","[[4.0, 4.0, -1.5707963267948961, 0], [4.0, 4.0, 0.0, 1]]","[[0.499999999925, 0.499999999925], [0.695334614085352, 0.8046653856896471]]",[1.0],[1.0],[0.390669228379305],[0.609330771620694],0.9363291775690441,1.097511768341064,,,0,1,8,,
3,,,3,"[0, 0]",58.707748889923096,1,"[[1.0, 4.0, 1.5707963267948961, 0], [1.0, 4.0, 0.0, 1]]","[[4.0, 4.0, 0.0, 0], [4.0, 4.0, 0.0, 1]]","[[0.499999999925, 0.499999999925], [0.695334614085352, 0.8046653856896471]]",[1.0],[1.0],[0.390669228379305],[0.609330771620694],0.9363291775690441,0.941382884979248,,,0,1,8,,
4,,,3,"[0, 0]",55.817038774490356,1,"[[1.0, 4.0, 3.141592653589793, 0], [1.0, 4.0, 4.71238898038469, 1]]","[[4.0, 4.0, 0.0, 0], [4.0, 4.0, 0.0, 1]]","[[0.499999999925, 0.499999999925], [0.695334614085352, 0.8046653856896471]]",[1.0],[1.0],[0.390669228379305],[0.609330771620694],0.9363291775690441,1.014941930770874,,,0,1,8,,
5,,,3,"[0, 0]",58.150487184524536,1,"[[2.220446049250313e-16, 4.0, 1.5707963267948961, 0], [2.220446049250313e-16, 4.0, 0.0, 1]]","[[4.0, 4.0, 0.0, 0], [6.0, 4.0, 1.5707963267948961, 1]]","[[0.499999999925, 0.499999999925], [0.651926922049718, 0.8480730777252811]]",[1.0],[1.0],[0.303853844295015],[0.6961461557049841],0.9363291775690441,0.8864438533782951,,,0,1,8,,
6,,,2,"[0, 0]",58.87235927581787,1,"[[2.220446049250313e-16, 4.0, 0.0, 0], [1.0, 4.0, 1.5707963267948961, 1]]","[[6.0, 4.0, 1.5707963267948961, 0], [6.0, 5.0, 0.0, 1]]","[[0.499999999925, 0.499999999925], [0.662778845058627, 0.837221154716372]]",[1.0],[1.0],[0.325557690316088],[0.6744423096839111],,,0.8944271909999151,0.7181434631347651,0,1,8,,
7,,,2,"[0, 0]",56.62824630737305,1,"[[1.0, 4.0, 0.0, 0], [3.0, 4.0, 1.5707963267948961, 1]]","[[6.0, 5.0, 0.0, 0], [6.0, 5.0, 0.0, 1]]","[[0.499999999925, 0.499999999925], [0.717222901356626, 0.7827770984183731]]",[1.0],[1.0],[0.43444580292841906],[0.5655541970715801],,,0.832050294337843,0.7494924068450921,0,1,8,,
8,,,2,"[0, 0]",2.413578271865844,1,"[[1.0, 4.0, 0.0, 0], [2.0, 4.0, 1.5707963267948961, 1]]","[[6.0, 5.0, 0.0, 0], [8.0, 5.0, 1.5707963267948961, 1]]","[[0.499999999925, 0.499999999925], [0.652037586801792, 0.8479624129732071]]",[1.0],[1.0],[0.304075173799197],[0.6959248262008031],,,0.832050294337843,0.748356580734252,0,1,8,,
9,,,1,"[0, 0]",1.477332115173339,1,"[[1.0, 4.0, -1.5707963267948961, 0], [1.0, 4.0, -3.141592653589793, 1]]","[[8.0, 5.0, 1.5707963267948961, 0], [8.0, 5.0, 1.5707963267948961, 1]]","[[0.499999999925, 0.499999999925], [0.6193711530229931, 0.880628846752006]]",[1.0],[1.0],[0.238742306231798],[0.7612576937682011],,,,,0,1,8,0.707106781186547,0.579755783081054
0,0.9578262852211511,3.091106653213501,4,"[0, 0]",6.386540651321411,1,"[[1.0, 2.0, 0.0, 0], [2.0, 2.0, -1.5707963267948961, 1]]","[[1.0, 4.0, 0.0, 0], [3.0, 4.0, 1.5707963267948961, 1]]","[[0.499999999925, 0.499999999925], [0.7388160826223691, 0.76118391715263]]",[1.0],[1.0],[0.47763216546638304],[0.522367834533616],,,,,0,0,2,,
1,,,3,"[0, 0]",3.984508275985717,1,"[[2.0, 2.0, -1.5707963267948961, 0], [2.0, 2.0, 0.0, 1]]","[[1.0, 4.0, 1.5707963267948961, 0], [1.0, 5.0, 3.141592653589793, 1]]","[[0.499999999925, 0.499999999925], [0.7822237746580031, 0.717776225116996]]",[1.0],[1.0],[0.564447549550673],[0.43555245044932606],0.843274042711567,2.259139776229858,,,0,0,2,,
2,,,3,"[0, 0]",5.277288913726807,1,"[[2.0, 2.0, 0.0, 0], [4.0, 2.0, 0.0, 1]]","[[1.0, 5.0, 0.0, 0], [1.0, 5.0, 0.0, 1]]","[[0.499999999925, 0.499999999925], [0.8257790196964021, 0.6742209800785971]]",[1.0],[1.0],[0.651558039640539],[0.34844196035946],0.843274042711567,2.4328360557556152,,,0,0,2,,
3,,,2,"[0, 0]",4.222407817840576,1,"[[4.0, 2.0, 0.0, 0], [5.0, 2.0, 1.5707963267948961, 1]]","[[2.0, 5.0, -1.5707963267948961, 0], [2.0, 5.0, 0.0, 1]]","[[0.499999999925, 0.499999999925], [0.8258527961977851, 0.674147203577214]]",[1.0],[1.0],[0.6517055926433261],[0.34829440735667305],,,0.787838597158335,2.17135214805603,0,0,2,,
4,,,2,"[0, 0]",3.817440032958984,1,"[[5.0, 2.0, 1.5707963267948961, 0], [5.0, 3.0, 3.141592653589793, 1]]","[[2.0, 5.0, -1.5707963267948961, 0], [2.0, 3.0, -3.141592653589793, 1]]","[[0.499999999925, 0.499999999925], [0.8258527961977851, 0.674147203577214]]",[1.0],[1.0],[0.6517055926433261],[0.34829440735667305],,,0.8944271909999151,2.113409519195556,0,0,2,,
5,,,2,"[0, 0]",3.837019205093384,1,"[[5.0, 3.0, 3.141592653589793, 0], [5.0, 3.0, 4.71238898038469, 1]]","[[2.0, 4.0, -1.5707963267948961, 0], [2.0, 3.0, -3.141592653589793, 1]]","[[0.499999999925, 0.499999999925], [0.8258527961977851, 0.674147203577214]]",[1.0],[1.0],[0.6517055926433261],[0.34829440735667305],,,0.9486832980505131,1.969486951828003,0,0,2,,
6,,,2,"[0, 0]",3.528836488723755,1,"[[5.0, 3.0, 4.71238898038469, 0], [5.0, 1.0, 0.0, 1]]","[[2.0, 4.0, -3.141592653589793, 0], [2.0, 4.0, -3.141592653589793, 1]]","[[0.499999999925, 0.499999999925], [0.8149639849381851, 0.6850360148368141]]",[1.0],[1.0],[0.6299279701208601],[0.370072029879139],,,0.9486832980505131,1.978408575057983,0,0,2,,
7,,,2,"[0, 0]",60.64232015609741,1,"[[5.0, 1.0, 0.0, 0], [7.0, 1.0, -1.5707963267948961, 1]]","[[1.0, 4.0, -1.5707963267948961, 0], [1.0, 4.0, -1.5707963267948961, 1]]","[[0.499999999925, 0.499999999925], [0.8802230759944011, 0.619776923780598]]",[1.0],[1.0],[0.76044615225287],[0.239553847747129],,,0.832050294337843,2.253679037094116,0,0,2,,
8,,,1,"[0, 0]",56.36337995529175,1,"[[7.0, 1.0, -1.5707963267948961, 0], [7.0, 1.0, -1.5707963267948961, 1]]","[[1.0, 3.0, 0.0, 0], [2.0, 3.0, 0.0, 1]]","[[0.499999999925, 0.499999999925], [0.858519229976584, 0.6414807697984151]]",[1.0],[1.0],[0.717038460210725],[0.282961539789274],,,,,0,0,2,0.707106781186547,1.511259794235229
9,,,1,"[0, 0]",58.69502139091492,1,"[[7.0, 1.0, -1.5707963267948961, 0], [7.0, 1.0, 0.0, 1]]","[[2.0, 3.0, 0.0, 0], [2.0, 3.0, 0.0, 1]]","[[0.499999999925, 0.499999999925], [0.858519229976584, 0.6414807697984151]]",[1.0],[1.0],[0.717038460210725],[0.282961539789274],,,,,0,0,2,0.707106781186547,1.701295614242553
0,0.9578262852211511,1.101456642150879,4,"[0, 0]",3.785723686218261,1,"[[1.0, 2.0, 0.0, 0], [1.0, 2.0, -1.5707963267948961, 1]]","[[1.0, 4.0, 0.0, 0], [1.0, 4.0, 1.5707963267948961, 1]]","[[0.499999999925, 0.499999999925], [0.7604461521388031, 0.739553847636196]]",[1.0],[1.0],[0.5208923045057411],[0.479107695494258],,,,,0,1,2,,
1,,,3,"[0, 0]",2.732203245162964,1,"[[2.0, 2.0, -1.5707963267948961, 0], [2.0, 2.0, 0.0, 1]]","[[1.0, 4.0, 1.5707963267948961, 0], [1.0, 5.0, 0.0, 1]]","[[0.499999999925, 0.499999999925], [0.7822237746580031, 0.717776225116996]]",[1.0],[1.0],[0.564447549550673],[0.43555245044932606],0.843274042711567,0.9050817489624021,,,0,1,2,,
2,,,3,"[0, 0]",3.695209503173828,1,"[[2.0, 2.0, 0.0, 0], [4.0, 2.0, 0.0, 1]]","[[1.0, 5.0, 0.0, 0], [2.0, 5.0, -1.5707963267948961, 1]]","[[0.499999999925, 0.499999999925], [0.804075173678585, 0.695924826096414]]",[1.0],[1.0],[0.608150347598394],[0.391849652401606],0.843274042711567,1.127260208129882,,,0,1,2,,
3,,,2,"[0, 0]",2.597381830215454,1,"[[4.0, 2.0, 0.0, 0], [6.0, 2.0, 0.0, 1]]","[[2.0, 5.0, -1.5707963267948961, 0], [2.0, 5.0, -1.5707963267948961, 1]]","[[0.499999999925, 0.499999999925], [0.8476304187169851, 0.652369581058014]]",[1.0],[1.0],[0.6952608376882591],[0.30473916231174003],,,0.787838597158335,0.72468876838684,0,1,2,,
4,,,2,"[0, 0]",3.154878377914428,1,"[[5.0, 2.0, 1.5707963267948961, 0], [5.0, 4.0, 1.5707963267948961, 1]]","[[2.0, 5.0, -1.5707963267948961, 0], [2.0, 4.0, -1.5707963267948961, 1]]","[[0.499999999925, 0.499999999925], [0.836741607457385, 0.6632583923176141]]",[1.0],[1.0],[0.673483215165792],[0.32651678483420704],,,0.8944271909999151,0.818805217742919,0,1,2,,
5,,,2,"[0, 0]",2.52181077003479,1,"[[5.0, 3.0, 3.141592653589793, 0], [5.0, 3.0, 1.5707963267948961, 1]]","[[2.0, 4.0, -1.5707963267948961, 0], [2.0, 4.0, -3.141592653589793, 1]]","[[0.499999999925, 0.499999999925], [0.8258527961977851, 0.674147203577214]]",[1.0],[1.0],[0.6517055926433261],[0.34829440735667305],,,0.9486832980505131,0.7604744434356691,0,1,2,,
6,,,2,"[0, 0]",2.494916915893554,1,"[[5.0, 3.0, 4.71238898038469, 0], [5.0, 1.0, 4.71238898038469, 1]]","[[2.0, 4.0, -3.141592653589793, 0], [1.0, 4.0, -1.5707963267948961, 1]]","[[0.499999999925, 0.499999999925], [0.8366678309560021, 0.663332168818997]]",[1.0],[1.0],[0.673335662163005],[0.326664337836994],,,0.9486832980505131,0.7273259162902831,0,1,2,,
7,,,2,"[0, 0]",2.881631135940551,1,"[[5.0, 1.0, 0.0, 0], [6.0, 1.0, 1.5707963267948961, 1]]","[[1.0, 4.0, -1.5707963267948961, 0], [1.0, 3.0, 0.0, 1]]","[[0.499999999925, 0.499999999925], [0.8584454534752021, 0.641554546299797]]",[1.0],[1.0],[0.716890907207937],[0.28310909279206203],,,0.832050294337843,0.9399447441101071,0,1,2,,
8,,,1,"[0, 0]",1.486627101898193,1,"[[7.0, 1.0, -1.5707963267948961, 0], [7.0, 1.0, -3.141592653589793, 1]]","[[1.0, 3.0, 0.0, 0], [2.0, 3.0, 0.0, 1]]","[[0.499999999925, 0.499999999925], [0.858519229976584, 0.6414807697984151]]",[1.0],[1.0],[0.717038460210725],[0.282961539789274],,,,,0,1,2,0.707106781186547,0.611788034439086
9,,,1,"[0, 0]",1.780290603637695,1,"[[7.0, 1.0, -1.5707963267948961, 0], [7.0, 1.0, 0.0, 1]]","[[2.0, 3.0, 0.0, 0], [4.0, 3.0, -1.5707963267948961, 1]]","[[0.499999999925, 0.499999999925], [0.81511153794095, 0.6848884618340491]]",[1.0],[1.0],[0.630223076126435],[0.36977692387356403],,,,,0,1,2,0.707106781186547,0.732712268829345
0,0.9578262852211511,2.62634015083313,4,"[0, 0]",5.238899946212768,1,"[[1.0, 2.0, 0.0, 0], [3.0, 2.0, 0.0, 1]]","[[1.0, 4.0, 0.0, 0], [1.0, 4.0, -1.5707963267948961, 1]]","[[0.499999999925, 0.499999999925], [0.8040013971772031, 0.695998602597797]]",[1.0],[1.0],[0.608002794595606],[0.39199720540439303],,,,,0,0,1,,
1,,,3,"[0, 0]",4.262629270553589,1,"[[3.0, 2.0, 0.0, 0], [3.0, 2.0, 1.5707963267948961, 1]]","[[2.0, 4.0, 0.0, 0], [4.0, 4.0, 1.5707963267948961, 1]]","[[0.499999999925, 0.499999999925], [0.738889859123752, 0.761110140651247]]",[1.0],[1.0],[0.47777971846917106],[0.522220281530828],0.9363291775690441,2.12172794342041,,,0,0,1,,
2,,,3,"[0, 0]",4.370624780654907,1,"[[3.0, 2.0, 1.5707963267948961, 0], [3.0, 2.0, 3.141592653589793, 1]]","[[4.0, 4.0, -1.5707963267948961, 0], [4.0, 4.0, -3.141592653589793, 1]]","[[0.499999999925, 0.499999999925], [0.738889859123752, 0.761110140651247]]",[1.0],[1.0],[0.47777971846917106],[0.522220281530828],0.9363291775690441,2.199222564697265,,,0,0,1,,
3,,,3,"[0, 0]",4.156973361968994,1,"[[3.0, 2.0, 3.141592653589793, 0], [3.0, 2.0, 1.5707963267948961, 1]]","[[4.0, 2.0, -1.5707963267948961, 0], [4.0, 2.0, 0.0, 1]]","[[0.499999999925, 0.499999999925], [0.728037936114843, 0.7719620636601561]]",[1.0],[1.0],[0.45607587244809805],[0.543924127551901],0.9922778767136671,2.309919357299804,,,0,0,1,,
4,,,3,"[0, 0]",5.668990612030029,1,"[[3.0, 2.0, 1.5707963267948961, 0], [3.0, 2.0, 1.5707963267948961, 1]]","[[4.0, 1.0, -3.141592653589793, 0], [4.0, 1.0, -1.5707963267948961, 1]]","[[0.499999999925, 0.499999999925], [0.728037936114843, 0.7719620636601561]]",[1.0],[1.0],[0.45607587244809805],[0.543924127551901],1.0,3.268589258193969,,,0,0,1,,
5,,,3,"[0, 0]",5.085639715194702,1,"[[3.0, 2.0, 1.5707963267948961, 0], [3.0, 2.0, 1.5707963267948961, 1]]","[[4.0, 1.0, -1.5707963267948961, 0], [4.0, 1.0, -1.5707963267948961, 1]]","[[0.499999999925, 0.499999999925], [0.728037936114843, 0.7719620636601561]]",[1.0],[1.0],[0.45607587244809805],[0.543924127551901],1.0,2.8250622749328613,,,0,0,1,,
6,,,3,"[0, 0]",4.660109043121338,1,"[[3.0, 2.0, 1.5707963267948961, 0], [3.0, 3.0, 1.5707963267948961, 1]]","[[4.0, 1.0, -3.141592653589793, 0], [4.0, 1.0, -3.141592653589793, 1]]","[[0.499999999925, 0.499999999925], [0.728037936114843, 0.7719620636601561]]",[1.0],[1.0],[0.45607587244809805],[0.543924127551901],1.0,2.733400821685791,,,0,0,1,,
7,,,3,"[0, 0]",5.178258657455444,1,"[[3.0, 3.0, 1.5707963267948961, 0], [3.0, 5.0, 3.141592653589793, 1]]","[[4.0, 1.0, -4.71238898038469, 0], [4.0, 2.0, -4.71238898038469, 1]]","[[0.499999999925, 0.499999999925], [0.7389267473744431, 0.761073252400556]]",[1.0],[1.0],[0.47785349497056406],[0.522146505029435],1.0,2.665678024291992,,,0,0,1,,
8,,,3,"[0, 0]",4.734426021575928,1,"[[3.0, 5.0, 3.141592653589793, 0], [1.0, 5.0, 1.5707963267948961, 1]]","[[4.0, 2.0, -3.141592653589793, 0], [2.0, 1.9999999999999991, -4.71238898038469, 1]]","[[0.499999999925, 0.499999999925], [0.7278903831120781, 0.7721096166629211]]",[1.0],[1.0],[0.455780766442523],[0.544219233557476],1.0,2.708196878433227,,,0,0,1,,
9,1.0,3.183537721633911,4,"[0, 0]",5.6341681480407715,1,"[[1.0, 5.0, 1.5707963267948961, 0], [1.0, 5.0, 1.5707963267948961, 1]]","[[2.0, 1.9999999999999991, -1.5707963267948961, 0], [2.0, 1.9999999999999991, -3.141592653589793, 1]]","[[0.499999999925, 0.499999999925], [0.7278903831120781, 0.7721096166629211]]",[1.0],[1.0],[0.455780766442523],[0.544219233557476],,,,,0,0,1,,
0,0.9578262852211511,0.960850477218627,4,"[0, 0]",3.591946125030517,1,"[[1.0, 2.0, 0.0, 0], [3.0, 2.0, 1.5707963267948961, 1]]","[[1.0, 4.0, 0.0, 0], [2.0, 4.0, 0.0, 1]]","[[0.499999999925, 0.499999999925], [0.782297551159386, 0.717702448615613]]",[1.0],[1.0],[0.564595102553461],[0.43540489744653804],,,,,0,1,1,,
1,,,3,"[0, 0]",3.033258914947509,1,"[[3.0, 2.0, 0.0, 0], [4.0, 2.0, -1.5707963267948961, 1]]","[[2.0, 4.0, 0.0, 0], [4.0, 4.0, -1.5707963267948961, 1]]","[[0.499999999925, 0.499999999925], [0.7606674816429511, 0.739332518132048]]",[1.0],[1.0],[0.521334963514103],[0.47866503648589603],0.9363291775690441,0.9019138813018791,,,0,1,1,,
2,,,3,"[0, 0]",3.03152847290039,1,"[[3.0, 2.0, 1.5707963267948961, 0], [3.0, 3.0, 1.5707963267948961, 1]]","[[4.0, 4.0, -1.5707963267948961, 0], [4.0, 2.0, -1.5707963267948961, 1]]","[[0.499999999925, 0.499999999925], [0.728037936114843, 0.7719620636601561]]",[1.0],[1.0],[0.45607587244809805],[0.543924127551901],0.9363291775690441,0.829636335372924,,,0,1,1,,
3,,,3,"[0, 0]",3.750861406326294,1,"[[3.0, 2.0, 3.141592653589793, 0], [2.0, 2.0, 3.141592653589793, 1]]","[[4.0, 2.0, -1.5707963267948961, 0], [4.0, 1.0, -3.141592653589793, 1]]","[[0.499999999925, 0.499999999925], [0.706260313595644, 0.7937396861793561]]",[1.0],[1.0],[0.41252062740316603],[0.587479372596833],0.9922778767136671,1.157782316207885,,,0,1,1,,
4,,,3,"[0, 0]",4.35193133354187,1,"[[3.0, 2.0, 1.5707963267948961, 0], [3.0, 2.0, 1.5707963267948961, 1]]","[[4.0, 1.0, -3.141592653589793, 0], [4.0, 1.0, -1.5707963267948961, 1]]","[[0.499999999925, 0.499999999925], [0.728037936114843, 0.7719620636601561]]",[1.0],[1.0],[0.45607587244809805],[0.543924127551901],1.0,1.317284107208252,,,0,1,1,,
5,,,3,"[0, 0]",3.519779682159424,1,"[[3.0, 2.0, 1.5707963267948961, 0], [3.0, 3.0, 3.141592653589793, 1]]","[[4.0, 1.0, -1.5707963267948961, 0], [4.0, 1.0, -3.141592653589793, 1]]","[[0.499999999925, 0.499999999925], [0.728037936114843, 0.7719620636601561]]",[1.0],[1.0],[0.45607587244809805],[0.543924127551901],1.0,1.176156520843505,,,0,1,1,,
6,,,3,"[0, 0]",3.2174453735351562,1,"[[3.0, 2.0, 1.5707963267948961, 0], [3.0, 2.0, 3.141592653589793, 1]]","[[4.0, 1.0, -3.141592653589793, 0], [4.0, 1.0, -4.71238898038469, 1]]","[[0.499999999925, 0.499999999925], [0.728037936114843, 0.7719620636601561]]",[1.0],[1.0],[0.45607587244809805],[0.543924127551901],1.0,0.9359083175659181,,,0,1,1,,
7,,,3,"[0, 0]",3.429124355316162,1,"[[3.0, 3.0, 1.5707963267948961, 0], [3.0, 5.0, 0.0, 1]]","[[4.0, 1.0, -4.71238898038469, 0], [4.0, 2.0, -3.141592653589793, 1]]","[[0.499999999925, 0.499999999925], [0.7389267473744431, 0.761073252400556]]",[1.0],[1.0],[0.47785349497056406],[0.522146505029435],1.0,0.8981709480285641,,,0,1,1,,
8,,,3,"[0, 0]",3.601765155792236,1,"[[3.0, 5.0, 3.141592653589793, 0], [2.0, 5.0, 3.141592653589793, 1]]","[[4.0, 2.0, -3.141592653589793, 0], [2.0, 1.9999999999999991, -1.5707963267948961, 1]]","[[0.499999999925, 0.499999999925], [0.7605568168908771, 0.739443182884122]]",[1.0],[1.0],[0.521113634009922],[0.47888636599007706],1.0,1.071728944778442,,,0,1,1,,
9,1.0,1.290098667144775,4,"[0, 0]",3.75072169303894,1,"[[1.0, 5.0, 1.5707963267948961, 0], [1.0, 5.0, 1.5707963267948961, 1]]","[[2.0, 1.9999999999999991, -1.5707963267948961, 0], [2.0, 1.9999999999999991, -3.141592653589793, 1]]","[[0.499999999925, 0.499999999925], [0.7278903831120781, 0.7721096166629211]]",[1.0],[1.0],[0.455780766442523],[0.544219233557476],,,,,0,1,1,,
0,0.9578262852211511,2.713226079940796,4,"[0, 0]",5.517569065093994,1,"[[1.0, 2.0, 0.0, 0], [3.0, 2.0, 0.0, 1]]","[[1.0, 4.0, 0.0, 0], [2.0, 4.0, 1.5707963267948961, 1]]","[[0.499999999925, 0.499999999925], [0.782297551159386, 0.717702448615613]]",[1.0],[1.0],[0.564595102553461],[0.43540489744653804],,,,,0,0,4,,
1,,,3,"[0, 0]",4.286398649215698,1,"[[3.0, 2.0, 0.0, 0], [4.0, 2.0, 1.5707963267948961, 1]]","[[1.0, 4.0, 0.0, 0], [1.0, 4.0, 1.5707963267948961, 1]]","[[0.499999999925, 0.499999999925], [0.8257790196964021, 0.6742209800785971]]",[1.0],[1.0],[0.651558039640539],[0.34844196035946],0.9363291775690441,2.192552804946899,,,0,0,4,,
2,,,2,"[0, 0]",3.279390573501587,1,"[[4.0, 2.0, 1.5707963267948961, 0], [4.0, 3.0, 3.141592653589793, 1]]","[[3.0, 4.0, 1.5707963267948961, 0], [3.0, 5.0, 1.5707963267948961, 1]]","[[0.499999999925, 0.499999999925], [0.7823713276607681, 0.7176286721142311]]",[1.0],[1.0],[0.564742655556248],[0.435257344443751],,,0.787838597158335,1.736634492874145,0,0,4,,
3,,,2,"[0, 0]",3.463320970535278,1,"[[4.0, 3.0, 3.141592653589793, 0], [3.0, 3.0, 4.71238898038469, 1]]","[[3.0, 4.0, 3.141592653589793, 0], [2.0, 4.0, 4.71238898038469, 1]]","[[0.499999999925, 0.499999999925], [0.782297551159386, 0.717702448615613]]",[1.0],[1.0],[0.564595102553461],[0.43540489744653804],,,0.824163383692134,1.855845212936401,0,0,4,,
4,,,3,"[0, 0]",4.306437969207764,1,"[[3.0, 3.0, 4.71238898038469, 0], [3.0, 3.0, 3.141592653589793, 1]]","[[3.0, 4.0, 3.141592653589793, 0], [3.0, 4.0, 3.141592653589793, 1]]","[[0.499999999925, 0.499999999925], [0.7605937051415691, 0.7394062946334311]]",[1.0],[1.0],[0.521187410511316],[0.47881258948868305],0.9701425001453311,2.177094221115112,,,0,0,4,,
5,,,3,"[0, 0]",4.190626621246338,1,"[[3.0, 3.0, 3.141592653589793, 0], [1.0, 3.0, 4.71238898038469, 1]]","[[3.0, 4.0, 1.5707963267948961, 0], [3.0, 4.0, 0.0, 1]]","[[0.499999999925, 0.499999999925], [0.7170384601031691, 0.78296153967183]]",[1.0],[1.0],[0.434076920421451],[0.565923079578548],0.9701425001453311,2.205455541610717,,,0,0,4,,
6,,,3,"[0, 0]",4.118977069854736,1,"[[1.0, 3.0, 4.71238898038469, 0], [0.9999999999999991, 1.0, 4.71238898038469, 1]]","[[3.0, 4.0, 1.5707963267948961, 0], [3.0, 5.0, 0.0, 1]]","[[0.499999999925, 0.499999999925], [0.7170384601031691, 0.78296153967183]]",[1.0],[1.0],[0.434076920421451],[0.565923079578548],0.843274042711567,2.220771074295044,,,0,0,4,,
7,,,3,"[0, 0]",3.854126930236816,1,"[[0.9999999999999991, 1.0, 4.71238898038469, 0], [0.9999999999999991, 1.0, 3.141592653589793, 1]]","[[3.0, 5.0, 3.141592653589793, 0], [3.0, 5.0, 3.141592653589793, 1]]","[[0.499999999925, 0.499999999925], [0.7170384601031691, 0.78296153967183]]",[1.0],[1.0],[0.434076920421451],[0.565923079578548],0.8122769321068951,2.195916175842285,,,0,0,4,,
8,0.9284766908852591,3.052171945571899,4,"[0, 0]",5.049810171127319,1,"[[0.9999999999999991, 1.0, 3.141592653589793, 0], [0.9999999999999991, 1.0, 1.5707963267948961, 1]]","[[2.0, 5.0, 3.141592653589793, 0], [1.0, 5.0, 4.71238898038469, 1]]","[[0.499999999925, 0.499999999925], [0.7604461521388031, 0.739553847636196]]",[1.0],[1.0],[0.5208923045057411],[0.479107695494258],,,,,0,0,4,,
9,0.9284766908852591,3.028974771499634,4,"[0, 0]",5.63953709602356,1,"[[0.9999999999999991, 1.0, 1.5707963267948961, 0], [0.9999999999999991, 2.0, 0.0, 1]]","[[1.0, 5.0, 3.141592653589793, 0], [1.0, 5.0, 1.5707963267948961, 1]]","[[0.499999999925, 0.499999999925], [0.7604461521388031, 0.739553847636196]]",[1.0],[1.0],[0.5208923045057411],[0.479107695494258],,,,,0,0,4,,
0,0.9578262852211511,1.057633876800537,4,"[0, 0]",3.650864362716675,1,"[[1.0, 2.0, 0.0, 0], [3.0, 2.0, 0.0, 1]]","[[1.0, 4.0, 0.0, 0], [1.0, 4.0, 0.0, 1]]","[[0.499999999925, 0.499999999925], [0.8040013971772031, 0.695998602597797]]",[1.0],[1.0],[0.608002794595606],[0.39199720540439303],,,,,0,1,4,,
1,,,3,"[0, 0]",3.19728946685791,1,"[[3.0, 2.0, 0.0, 0], [4.0, 2.0, 0.0, 1]]","[[1.0, 4.0, 0.0, 0], [3.0, 4.0, 1.5707963267948961, 1]]","[[0.499999999925, 0.499999999925], [0.7823713276607681, 0.7176286721142311]]",[1.0],[1.0],[0.564742655556248],[0.435257344443751],0.9363291775690441,0.8940734863281251,,,0,1,4,,
2,,,2,"[0, 0]",2.30067491531372,1,"[[4.0, 2.0, 1.5707963267948961, 0], [4.0, 4.0, 0.0, 1]]","[[3.0, 4.0, 1.5707963267948961, 0], [3.0, 4.0, 3.141592653589793, 1]]","[[0.499999999925, 0.499999999925], [0.7932601389203681, 0.706739860854631]]",[1.0],[1.0],[0.5865202780787151],[0.413479721921284],,,0.787838597158335,0.7226841449737541,0,1,4,,
3,,,2,"[0, 0]",2.370957136154175,1,"[[4.0, 3.0, 3.141592653589793, 0], [4.0, 3.0, 4.71238898038469, 1]]","[[3.0, 4.0, 3.141592653589793, 0], [3.0, 4.0, 3.141592653589793, 1]]","[[0.499999999925, 0.499999999925], [0.7823713276607681, 0.7176286721142311]]",[1.0],[1.0],[0.564742655556248],[0.435257344443751],,,0.824163383692134,0.715212106704711,0,1,4,,
4,,,3,"[0, 0]",2.977962970733642,1,"[[3.0, 3.0, 4.71238898038469, 0], [2.999999999999999, 1.0, 4.71238898038469, 1]]","[[3.0, 4.0, 3.141592653589793, 0], [3.0, 4.0, 1.5707963267948961, 1]]","[[0.499999999925, 0.499999999925], [0.749704893881969, 0.7502951058930301]]",[1.0],[1.0],[0.49940978798884905],[0.5005902120111501],0.9701425001453311,0.9062442779541011,,,0,1,4,,
5,,,3,"[0, 0]",2.915420532226562,1,"[[3.0, 3.0, 3.141592653589793, 0], [3.0, 3.0, 3.141592653589793, 1]]","[[3.0, 4.0, 1.5707963267948961, 0], [3.0, 4.0, 1.5707963267948961, 1]]","[[0.499999999925, 0.499999999925], [0.7605937051415691, 0.7394062946334311]]",[1.0],[1.0],[0.521187410511316],[0.47881258948868305],0.9701425001453311,0.902867078781127,,,0,1,4,,
6,,,3,"[0, 0]",2.828741788864135,1,"[[1.0, 3.0, 4.71238898038469, 0], [0.9999999999999991, 2.0, 0.0, 1]]","[[3.0, 4.0, 1.5707963267948961, 0], [3.0, 5.0, 3.141592653589793, 1]]","[[0.499999999925, 0.499999999925], [0.7170384601031691, 0.78296153967183]]",[1.0],[1.0],[0.434076920421451],[0.565923079578548],0.843274042711567,0.9496517181396481,,,0,1,4,,
7,,,3,"[0, 0]",2.578485965728759,1,"[[0.9999999999999991, 1.0, 4.71238898038469, 0], [0.9999999999999991, 1.0, 4.71238898038469, 1]]","[[3.0, 5.0, 3.141592653589793, 0], [2.0, 5.0, 3.141592653589793, 1]]","[[0.499999999925, 0.499999999925], [0.738742306120986, 0.7612576936540131]]",[1.0],[1.0],[0.477484612463596],[0.522515387536403],0.8122769321068951,0.8951220512390131,,,0,1,4,,
8,0.9284766908852591,1.249167680740356,4,"[0, 0]",3.650024890899658,1,"[[0.9999999999999991, 1.0, 3.141592653589793, 0], [0.9999999999999991, 1.0, 1.5707963267948961, 1]]","[[2.0, 5.0, 3.141592653589793, 0], [1.0, 5.0, 3.141592653589793, 1]]","[[0.499999999925, 0.499999999925], [0.7604461521388031, 0.739553847636196]]",[1.0],[1.0],[0.5208923045057411],[0.479107695494258],,,,,0,1,4,,
9,0.9284766908852591,1.079015016555786,4,"[0, 0]",3.478508710861206,1,"[[0.9999999999999991, 1.0, 1.5707963267948961, 0], [0.9999999999999991, 3.0, 3.141592653589793, 1]]","[[1.0, 5.0, 3.141592653589793, 0], [1.0, 5.0, 3.141592653589793, 1]]","[[0.499999999925, 0.499999999925], [0.7604461521388031, 0.739553847636196]]",[1.0],[1.0],[0.5208923045057411],[0.479107695494258],,,,,0,1,4,,
0,0.9578262852211511,3.301099777221679,4,"[0, 0]",6.166240215301514,1,"[[1.0, 2.0, 0.0, 0], [1.0, 2.0, 1.5707963267948961, 1]]","[[1.0, 4.0, 0.0, 0], [1.0, 4.0, 1.5707963267948961, 1]]","[[0.499999999925, 0.499999999925], [0.7604461521388031, 0.739553847636196]]",[1.0],[1.0],[0.5208923045057411],[0.479107695494258],,,,,0,0,7,,
1,0.9578262852211511,3.615626335144043,4,"[0, 0]",6.290634393692017,1,"[[1.0, 2.0, 1.5707963267948961, 0], [1.0, 3.0, 0.0, 1]]","[[1.0, 4.0, 1.5707963267948961, 0], [1.0, 4.0, 3.141592653589793, 1]]","[[0.499999999925, 0.499999999925], [0.7604461521388031, 0.739553847636196]]",[1.0],[1.0],[0.5208923045057411],[0.479107695494258],,,,,0,0,7,,
2,0.9805806756909201,3.670715093612671,4,"[0, 0]",6.462531089782715,1,"[[1.0, 3.0, 0.0, 0], [1.0, 3.0, 0.0, 1]]","[[1.0, 4.0, 3.141592653589793, 0], [1.0, 4.0, 1.5707963267948961, 1]]","[[0.499999999925, 0.499999999925], [0.7604461521388031, 0.739553847636196]]",[1.0],[1.0],[0.5208923045057411],[0.479107695494258],,,,,0,0,7,,
3,0.9805806756909201,2.902678251266479,4,"[0, 0]",6.020068883895874,1,"[[1.0, 3.0, 0.0, 0], [3.0, 3.0, 1.5707963267948961, 1]]","[[1.0, 4.0, 4.71238898038469, 0], [0.9999999999999991, 2.0, 0.0, 1]]","[[0.499999999925, 0.499999999925], [0.8040013971772031, 0.695998602597797]]",[1.0],[1.0],[0.608002794595606],[0.39199720540439303],,,,,0,0,7,,
4,,,3,"[0, 0]",4.707481861114502,1,"[[3.0, 3.0, 1.5707963267948961, 0], [3.0, 3.0, 3.141592653589793, 1]]","[[1.0, 4.0, 3.141592653589793, 0], [0.0, 4.0, 1.5707963267948961, 1]]","[[0.499999999925, 0.499999999925], [0.8040013971772031, 0.695998602597797]]",[1.0],[1.0],[0.608002794595606],[0.39199720540439303],0.9701425001453311,2.587249040603637,,,0,0,7,,
5,,,3,"[0, 0]",4.675597190856934,1,"[[3.0, 3.0, 3.141592653589793, 0], [3.0, 3.0, 4.71238898038469, 1]]","[[0.0, 4.0, 3.141592653589793, 0], [0.0, 4.0, 1.5707963267948961, 1]]","[[0.499999999925, 0.499999999925], [0.8040013971772031, 0.695998602597797]]",[1.0],[1.0],[0.608002794595606],[0.39199720540439303],0.9701425001453311,2.625710725784301,,,0,0,7,,
6,,,3,"[0, 0]",4.923686504364014,1,"[[3.0, 3.0, 4.71238898038469, 0], [3.0, 2.0, 3.141592653589793, 1]]","[[0.0, 4.0, 1.5707963267948961, 0], [6.123233995736766e-17, 5.0, 1.5707963267948961, 1]]","[[0.499999999925, 0.499999999925], [0.8040013971772031, 0.695998602597797]]",[1.0],[1.0],[0.608002794595606],[0.39199720540439303],0.9701425001453311,2.8034040927886963,,,0,0,7,,
7,,,3,"[0, 0]",61.49121141433716,1,"[[3.0, 2.0, 3.141592653589793, 0], [2.0, 2.0, 4.71238898038469, 1]]","[[0.0, 4.0, 3.141592653589793, 0], [0.0, 4.0, 4.71238898038469, 1]]","[[0.499999999925, 0.499999999925], [0.7822237746580031, 0.717776225116996]]",[1.0],[1.0],[0.564447549550673],[0.43555245044932606],0.9363291775690441,2.423227310180664,,,0,0,7,,
8,,,3,"[0, 0]",61.15979743003845,1,"[[2.0, 2.0, 4.71238898038469, 0], [1.9999999999999991, 1.0, 0.0, 1]]","[[0.0, 4.0, 4.71238898038469, 0], [0.0, 4.0, 4.71238898038469, 1]]","[[0.499999999925, 0.499999999925], [0.7822237746580031, 0.717776225116996]]",[1.0],[1.0],[0.564447549550673],[0.43555245044932606],0.843274042711567,2.259143829345703,,,0,0,7,,
9,,,3,"[0, 0]",61.6456732749939,1,"[[1.9999999999999991, 1.0, 0.0, 0], [3.0, 1.0, -1.5707963267948961, 1]]","[[0.0, 4.0, 3.141592653589793, 0], [0.0, 4.0, 3.141592653589793, 1]]","[[0.499999999925, 0.499999999925], [0.793112585917603, 0.7068874138573961]]",[1.0],[1.0],[0.5862251720731401],[0.41377482792685905],0.8122769321068951,2.7981152534484863,,,0,0,7,,
0,0.9578262852211511,1.222697734832763,4,"[0, 0]",4.321093320846558,1,"[[1.0, 2.0, 0.0, 0], [2.0, 2.0, 1.5707963267948961, 1]]","[[1.0, 4.0, 0.0, 0], [1.0, 4.0, 1.5707963267948961, 1]]","[[0.499999999925, 0.499999999925], [0.7822237746580031, 0.717776225116996]]",[1.0],[1.0],[0.564447549550673],[0.43555245044932606],,,,,0,1,7,,
1,0.9578262852211511,1.3799629211425781,4,"[0, 0]",4.569689512252808,1,"[[1.0, 2.0, 1.5707963267948961, 0], [1.0, 2.0, 1.5707963267948961, 1]]","[[1.0, 4.0, 1.5707963267948961, 0], [1.0, 4.0, 3.141592653589793, 1]]","[[0.499999999925, 0.499999999925], [0.7604461521388031, 0.739553847636196]]",[1.0],[1.0],[0.5208923045057411],[0.479107695494258],,,,,0,1,7,,
2,0.9805806756909201,1.368241071701049,4,"[0, 0]",4.27957272529602,1,"[[1.0, 3.0, 0.0, 0], [1.0, 3.0, -1.5707963267948961, 1]]","[[1.0, 4.0, 3.141592653589793, 0], [1.0, 4.0, 4.71238898038469, 1]]","[[0.499999999925, 0.499999999925], [0.7604461521388031, 0.739553847636196]]",[1.0],[1.0],[0.5208923045057411],[0.479107695494258],,,,,0,1,7,,
3,0.9805806756909201,1.249158143997192,4,"[0, 0]",4.513967275619507,1,"[[1.0, 3.0, 0.0, 0], [2.0, 3.0, -1.5707963267948961, 1]]","[[1.0, 4.0, 4.71238898038469, 0], [1.0, 4.0, 3.141592653589793, 1]]","[[0.499999999925, 0.499999999925], [0.7822237746580031, 0.717776225116996]]",[1.0],[1.0],[0.564447549550673],[0.43555245044932606],,,,,0,1,7,,
4,,,3,"[0, 0]",3.400308847427368,1,"[[3.0, 3.0, 1.5707963267948961, 0], [3.0, 3.0, 3.141592653589793, 1]]","[[1.0, 4.0, 3.141592653589793, 0], [0.0, 4.0, 3.141592653589793, 1]]","[[0.499999999925, 0.499999999925], [0.8040013971772031, 0.695998602597797]]",[1.0],[1.0],[0.608002794595606],[0.39199720540439303],0.9701425001453311,1.141049146652221,,,0,1,7,,
5,,,3,"[0, 0]",3.271238088607788,1,"[[3.0, 3.0, 3.141592653589793, 0], [3.0, 3.0, 1.5707963267948961, 1]]","[[0.0, 4.0, 3.141592653589793, 0], [0.0, 4.0, 1.5707963267948961, 1]]","[[0.499999999925, 0.499999999925], [0.8040013971772031, 0.695998602597797]]",[1.0],[1.0],[0.608002794595606],[0.39199720540439303],0.9701425001453311,1.049590349197387,,,0,1,7,,
6,,,3,"[0, 0]",55.16898536682129,1,"[[3.0, 3.0, 4.71238898038469, 0], [3.0, 3.0, 4.71238898038469, 1]]","[[0.0, 4.0, 1.5707963267948961, 0], [0.0, 4.0, 3.141592653589793, 1]]","[[0.499999999925, 0.499999999925], [0.8040013971772031, 0.695998602597797]]",[1.0],[1.0],[0.608002794595606],[0.39199720540439303],0.9701425001453311,0.9340720176696771,,,0,1,7,,
7,,,3,"[0, 0]",58.674381494522095,1,"[[3.0, 2.0, 3.141592653589793, 0], [1.0, 2.0, 1.5707963267948961, 1]]","[[0.0, 4.0, 3.141592653589793, 0], [0.0, 4.0, 4.71238898038469, 1]]","[[0.499999999925, 0.499999999925], [0.7604461521388031, 0.739553847636196]]",[1.0],[1.0],[0.5208923045057411],[0.479107695494258],0.9363291775690441,1.094311952590942,,,0,1,7,,
8,,,3,"[0, 0]",58.88129377365112,1,"[[2.0, 2.0, 4.71238898038469, 0], [2.0, 2.0, 0.0, 1]]","[[0.0, 4.0, 4.71238898038469, 0], [0.0, 4.0, 3.141592653589793, 1]]","[[0.499999999925, 0.499999999925], [0.7822237746580031, 0.717776225116996]]",[1.0],[1.0],[0.564447549550673],[0.43555245044932606],0.843274042711567,1.14200210571289,,,0,1,7,,
9,,,3,"[0, 0]",58.0983030796051,1,"[[1.9999999999999991, 1.0, 0.0, 0], [1.9999999999999991, 1.0, 1.5707963267948961, 1]]","[[0.0, 4.0, 3.141592653589793, 0], [0.0, 4.0, 1.5707963267948961, 1]]","[[0.499999999925, 0.499999999925], [0.7822237746580031, 0.717776225116996]]",[1.0],[1.0],[0.564447549550673],[0.43555245044932606],0.8122769321068951,0.8834784030914301,,,0,1,7,,
0,0.9578262852211511,3.9128999710083012,4,"[0, 0]",7.300745964050293,1,"[[1.0, 2.0, 0.0, 0], [1.0, 2.0, 0.0, 1]]","[[1.0, 4.0, 0.0, 0], [3.0, 4.0, 0.0, 1]]","[[0.499999999925, 0.499999999925], [0.7170384601031691, 0.78296153967183]]",[1.0],[1.0],[0.434076920421451],[0.565923079578548],,,,,0,0,0,,
1,0.9578262852211511,4.8147876262664795,4,"[0, 0]",8.705422163009644,1,"[[1.0, 2.0, 0.0, 0], [3.0, 2.0, 0.0, 1]]","[[2.0, 4.0, 0.0, 0], [2.0, 4.0, 1.5707963267948961, 1]]","[[0.499999999925, 0.499999999925], [0.782297551159386, 0.717702448615613]]",[1.0],[1.0],[0.564595102553461],[0.43540489744653804],,,,,0,0,0,,
2,,,3,"[0, 0]",4.8855228424072275,1,"[[3.0, 2.0, 0.0, 0], [4.0, 2.0, -1.5707963267948961, 1]]","[[3.0, 4.0, -1.5707963267948961, 0], [3.0, 4.0, -3.141592653589793, 1]]","[[0.499999999925, 0.499999999925], [0.7823713276607681, 0.7176286721142311]]",[1.0],[1.0],[0.564742655556248],[0.435257344443751],0.9363291775690441,2.277516841888427,,,0,0,0,,
3,,,2,"[0, 0]",3.271038055419922,1,"[[4.0, 2.0, -1.5707963267948961, 0], [4.0, 1.0, -3.141592653589793, 1]]","[[3.0, 2.0, 0.0, 0], [5.0, 2.0, -1.5707963267948961, 1]]","[[0.499999999925, 0.499999999925], [0.717222901356626, 0.7827770984183731]]",[1.0],[1.0],[0.43444580292841906],[0.5655541970715801],,,0.787838597158335,1.800081253051757,0,0,0,,
4,,,3,"[0, 0]",4.045634269714355,1,"[[4.0, 1.0, -3.141592653589793, 0], [4.0, 1.0, -3.141592653589793, 1]]","[[3.0, 2.0, 1.5707963267948961, 0], [3.0, 4.0, 0.0, 1]]","[[0.499999999925, 0.499999999925], [0.771482516401168, 0.728517483373831]]",[1.0],[1.0],[0.5429650330337821],[0.45703496696621704],0.9922778767136671,2.234056949615478,,,0,0,0,,
5,,,3,"[0, 0]",3.91044282913208,1,"[[4.0, 1.0, -3.141592653589793, 0], [4.0, 1.0, -3.141592653589793, 1]]","[[3.0, 2.0, 3.141592653589793, 0], [2.0, 2.0, 1.5707963267948961, 1]]","[[0.499999999925, 0.499999999925], [0.7823344394100771, 0.717665560364922]]",[1.0],[1.0],[0.5646688790548551],[0.43533112094514403],0.9922778767136671,2.150373220443725,,,0,0,0,,
6,,,3,"[0, 0]",4.066080808639526,1,"[[4.0, 1.0, -3.141592653589793, 0], [4.0, 1.0, -1.5707963267948961, 1]]","[[2.0, 2.0, 3.141592653589793, 0], [1.0, 2.0, 4.71238898038469, 1]]","[[0.499999999925, 0.499999999925], [0.814890208436802, 0.685109791338197]]",[1.0],[1.0],[0.6297804171180721],[0.370219582881927],0.9922778767136671,2.26995849609375,,,0,0,0,,
7,,,3,"[0, 0]",4.04643964767456,1,"[[4.0, 1.0, -1.5707963267948961, 0], [4.0, 1.0, -3.141592653589793, 1]]","[[1.0, 2.0, 4.71238898038469, 0], [0.9999999999999991, 1.0, 3.141592653589793, 1]]","[[0.499999999925, 0.499999999925], [0.814890208436802, 0.685109791338197]]",[1.0],[1.0],[0.6297804171180721],[0.370219582881927],0.9922778767136671,2.210354328155517,,,0,0,0,,
8,,,3,"[0, 0]",3.749361038208008,1,"[[4.0, 1.0, -3.141592653589793, 0], [4.0, 1.0, -3.141592653589793, 1]]","[[1.0, 2.0, 3.141592653589793, 0], [1.0, 2.0, 1.5707963267948961, 1]]","[[0.499999999925, 0.499999999925], [0.814890208436802, 0.685109791338197]]",[1.0],[1.0],[0.6297804171180721],[0.370219582881927],0.9922778767136671,2.215093612670898,,,0,0,0,,
9,,,3,"[0, 0]",3.568670749664306,1,"[[4.0, 1.0, -3.141592653589793, 0], [4.0, 1.0, -1.5707963267948961, 1]]","[[0.0, 2.0, 4.71238898038469, 0], [0.0, 2.0, 4.71238898038469, 1]]","[[0.499999999925, 0.499999999925], [0.814890208436802, 0.685109791338197]]",[1.0],[1.0],[0.6297804171180721],[0.370219582881927],0.9922778767136671,2.1719553470611572,,,0,0,0,,
0,0.9578262852211511,1.336405515670776,4,"[0, 0]",5.372642993927002,1,"[[1.0, 2.0, 0.0, 0], [1.0, 2.0, -1.5707963267948961, 1]]","[[1.0, 4.0, 0.0, 0], [2.0, 4.0, 0.0, 1]]","[[0.499999999925, 0.499999999925], [0.738742306120986, 0.7612576936540131]]",[1.0],[1.0],[0.477484612463596],[0.522515387536403],,,,,0,1,0,,
1,0.9578262852211511,1.148313999176025,4,"[0, 0]",4.7557151317596436,1,"[[1.0, 2.0, 0.0, 0], [2.0, 2.0, 0.0, 1]]","[[2.0, 4.0, 0.0, 0], [3.0, 4.0, -1.5707963267948961, 1]]","[[0.499999999925, 0.499999999925], [0.7388160826223691, 0.76118391715263]]",[1.0],[1.0],[0.47763216546638304],[0.522367834533616],,,,,0,1,0,,
2,,,3,"[0, 0]",3.164853811264038,1,"[[3.0, 2.0, 0.0, 0], [5.0, 2.0, 1.5707963267948961, 1]]","[[3.0, 4.0, -1.5707963267948961, 0], [3.0, 2.0, 0.0, 1]]","[[0.499999999925, 0.499999999925], [0.79329702717106, 0.70670297260394]]",[1.0],[1.0],[0.586594054580108],[0.413405945419891],0.9363291775690441,0.8269968032836911,,,0,1,0,,
3,,,2,"[0, 0]",2.186869621276855,1,"[[4.0, 2.0, -1.5707963267948961, 0], [4.0, 2.0, -3.141592653589793, 1]]","[[3.0, 2.0, 0.0, 0], [3.0, 2.0, 1.5707963267948961, 1]]","[[0.499999999925, 0.499999999925], [0.7715194046518601, 0.728480595123139]]",[1.0],[1.0],[0.543038809535176],[0.45696119046482303],,,0.787838597158335,0.691726922988891,0,1,0,,
4,,,3,"[0, 0]",2.719186544418335,1,"[[4.0, 1.0, -3.141592653589793, 0], [4.0, 1.0, -1.5707963267948961, 1]]","[[3.0, 2.0, 1.5707963267948961, 0], [3.0, 2.0, 3.141592653589793, 1]]","[[0.499999999925, 0.499999999925], [0.76063059339226, 0.7393694063827391]]",[1.0],[1.0],[0.5212611870127101],[0.47873881298729],0.9922778767136671,0.890568971633911,,,0,1,0,,
5,,,3,"[0, 0]",2.655359268188476,1,"[[4.0, 1.0, -3.141592653589793, 0], [4.0, 1.0, -4.71238898038469, 1]]","[[3.0, 2.0, 3.141592653589793, 0], [2.0, 2.0, 3.141592653589793, 1]]","[[0.499999999925, 0.499999999925], [0.7823344394100771, 0.717665560364922]]",[1.0],[1.0],[0.5646688790548551],[0.43533112094514403],0.9922778767136671,0.922701120376586,,,0,1,0,,
6,,,3,"[0, 0]",2.637504577636718,1,"[[4.0, 1.0, -3.141592653589793, 0], [4.0, 1.0, -1.5707963267948961, 1]]","[[2.0, 2.0, 3.141592653589793, 0], [1.0, 2.0, 4.71238898038469, 1]]","[[0.499999999925, 0.499999999925], [0.814890208436802, 0.685109791338197]]",[1.0],[1.0],[0.6297804171180721],[0.370219582881927],0.9922778767136671,0.964953660964965,,,0,1,0,,
7,,,3,"[0, 0]",2.545269727706909,1,"[[4.0, 1.0, -1.5707963267948961, 0], [4.0, 1.0, -3.141592653589793, 1]]","[[1.0, 2.0, 4.71238898038469, 0], [1.0, 2.0, 3.141592653589793, 1]]","[[0.499999999925, 0.499999999925], [0.814890208436802, 0.685109791338197]]",[1.0],[1.0],[0.6297804171180721],[0.370219582881927],0.9922778767136671,0.930119037628173,,,0,1,0,,
8,,,3,"[0, 0]",2.379661083221435,1,"[[4.0, 1.0, -3.141592653589793, 0], [4.0, 1.0, -4.71238898038469, 1]]","[[1.0, 2.0, 3.141592653589793, 0], [0.0, 2.0, 4.71238898038469, 1]]","[[0.499999999925, 0.499999999925], [0.814890208436802, 0.685109791338197]]",[1.0],[1.0],[0.6297804171180721],[0.370219582881927],0.9922778767136671,0.8499119281768791,,,0,1,0,,
9,,,3,"[0, 0]",2.241432666778564,1,"[[4.0, 1.0, -3.141592653589793, 0], [4.0, 1.0, -1.5707963267948961, 1]]","[[0.0, 2.0, 4.71238898038469, 0], [0.0, 2.0, 0.0, 1]]","[[0.499999999925, 0.499999999925], [0.814890208436802, 0.685109791338197]]",[1.0],[1.0],[0.6297804171180721],[0.370219582881927],0.9922778767136671,0.8588593006134031,,,0,1,0,,
0,0.9578262852211511,3.287017345428467,4,"[0, 0]",63.28480529785156,1,"[[1.0, 2.0, 0.0, 0], [1.0, 2.0, 0.0, 1]]","[[1.0, 4.0, 0.0, 0], [2.0, 4.0, 1.5707963267948961, 1]]","[[0.499999999925, 0.499999999925], [0.738742306120986, 0.7612576936540131]]",[1.0],[1.0],[0.477484612463596],[0.522515387536403],,,,,0,0,9,,
1,0.9578262852211511,3.109070539474487,4,"[0, 0]",61.777990102767944,1,"[[1.0, 2.0, 0.0, 0], [3.0, 2.0, 1.5707963267948961, 1]]","[[1.0, 4.0, 0.0, 0], [3.0, 4.0, 0.0, 1]]","[[0.499999999925, 0.499999999925], [0.7605937051415691, 0.7394062946334311]]",[1.0],[1.0],[0.521187410511316],[0.47881258948868305],,,,,0,0,9,,
2,,,3,"[0, 0]",61.563209772109985,1,"[[3.0, 2.0, 1.5707963267948961, 0], [3.0, 2.0, 1.5707963267948961, 1]]","[[3.0, 4.0, 0.0, 0], [5.0, 4.0, -1.5707963267948961, 1]]","[[0.499999999925, 0.499999999925], [0.7171860131059351, 0.7828139866690641]]",[1.0],[1.0],[0.43437202642702605],[0.565627973572973],0.9363291775690441,2.8059418201446533,,,0,0,9,,
3,,,3,"[0, 0]",61.74887013435364,1,"[[3.0, 2.0, 1.5707963267948961, 0], [3.0, 3.0, 0.0, 1]]","[[3.0, 4.0, 0.0, 0], [4.0, 4.0, 1.5707963267948961, 1]]","[[0.499999999925, 0.499999999925], [0.738889859123752, 0.761110140651247]]",[1.0],[1.0],[0.47777971846917106],[0.522220281530828],0.9363291775690441,2.819434404373169,,,0,0,9,,
4,,,2,"[0, 0]",60.97514343261719,1,"[[3.0, 3.0, 0.0, 0], [5.0, 3.0, 0.0, 1]]","[[5.0, 4.0, 0.0, 0], [6.0, 4.0, 0.0, 1]]","[[0.499999999925, 0.499999999925], [0.7390374121265171, 0.760962587648482]]",[1.0],[1.0],[0.47807482447474603],[0.5219251755252531],,,0.787838597158335,1.836896181106567,0,0,9,,
5,,,1,"[0, 0]",57.34002208709717,1,"[[5.0, 3.0, 0.0, 0], [6.0, 3.0, -1.5707963267948961, 1]]","[[7.0, 4.0, 0.0, 0], [9.0, 4.0, 1.5707963267948961, 1]]","[[0.499999999925, 0.499999999925], [0.7065554196011741, 0.793444580173825]]",[1.0],[1.0],[0.41311083941431603],[0.5868891605856841],,,,,0,0,9,0.685994340570035,1.621233224868774
6,,,1,"[0, 0]",57.87694001197815,1,"[[6.0, 3.0, -1.5707963267948961, 0], [6.0, 1.0, -3.141592653589793, 1]]","[[7.0, 4.0, 1.5707963267948961, 0], [7.0, 5.0, 3.141592653589793, 1]]","[[0.499999999925, 0.499999999925], [0.739074300377208, 0.7609256993977911]]",[1.0],[1.0],[0.47814860097614],[0.52185139902386],,,,,0,0,9,0.7427813527082071,1.583719253540039
7,,,1,"[0, 0]",58.38120722770691,1,"[[6.0, 1.0, -3.141592653589793, 0], [6.0, 1.0, -4.71238898038469, 1]]","[[7.0, 4.0, 3.141592653589793, 0], [6.0, 4.0, 4.71238898038469, 1]]","[[0.499999999925, 0.499999999925], [0.749926223386117, 0.7500737763888821]]",[1.0],[1.0],[0.49985244699721204],[0.500147553002787],,,,,0,0,9,0.685994340570035,1.6847302913665771
8,,,1,"[0, 0]",58.08261442184448,1,"[[6.0, 1.0, -4.71238898038469, 0], [6.0, 3.0, -3.141592653589793, 1]]","[[7.0, 4.0, 1.5707963267948961, 0], [7.0, 4.0, 1.5707963267948961, 1]]","[[0.499999999925, 0.499999999925], [0.7391111886279, 0.760888811147099]]",[1.0],[1.0],[0.47822237747753304],[0.5217776225224661],,,,,0,0,9,0.685994340570035,1.6477909088134761
9,,,1,"[0, 0]",58.489662170410156,1,"[[6.0, 3.0, -3.141592653589793, 0], [6.0, 3.0, -4.71238898038469, 1]]","[[7.0, 5.0, 0.0, 0], [7.0, 5.0, -1.5707963267948961, 1]]","[[0.499999999925, 0.499999999925], [0.7499631116368081, 0.750036888138191]]",[1.0],[1.0],[0.49992622349860605],[0.5000737765013931],,,,,0,0,9,0.7427813527082071,1.861448049545288
0,0.9578262852211511,1.334541320800781,4,"[0, 0]",58.04189991950989,1,"[[1.0, 2.0, 0.0, 0], [2.0, 2.0, 1.5707963267948961, 1]]","[[1.0, 4.0, 0.0, 0], [1.0, 4.0, 0.0, 1]]","[[0.499999999925, 0.499999999925], [0.7822237746580031, 0.717776225116996]]",[1.0],[1.0],[0.564447549550673],[0.43555245044932606],,,,,0,1,9,,
1,0.9578262852211511,1.239075183868408,4,"[0, 0]",58.13404965400696,1,"[[1.0, 2.0, 0.0, 0], [2.0, 2.0, -1.5707963267948961, 1]]","[[1.0, 4.0, 0.0, 0], [3.0, 4.0, 0.0, 1]]","[[0.499999999925, 0.499999999925], [0.7388160826223691, 0.76118391715263]]",[1.0],[1.0],[0.47763216546638304],[0.522367834533616],,,,,0,1,9,,
2,,,3,"[0, 0]",58.25507616996765,1,"[[3.0, 2.0, 1.5707963267948961, 0], [3.0, 2.0, 1.5707963267948961, 1]]","[[3.0, 4.0, 0.0, 0], [3.0, 4.0, 0.0, 1]]","[[0.499999999925, 0.499999999925], [0.7605937051415691, 0.7394062946334311]]",[1.0],[1.0],[0.521187410511316],[0.47881258948868305],0.9363291775690441,1.066502094268798,,,0,1,9,,
3,,,3,"[0, 0]",58.03832483291626,1,"[[3.0, 2.0, 1.5707963267948961, 0], [3.0, 4.0, 1.5707963267948961, 1]]","[[3.0, 4.0, 0.0, 0], [5.0, 4.0, 0.0, 1]]","[[0.499999999925, 0.499999999925], [0.7280748243655351, 0.771925175409465]]",[1.0],[1.0],[0.45614964894949206],[0.543850351050507],0.9363291775690441,0.8630151748657221,,,0,1,9,,
4,,,2,"[0, 0]",2.435176849365234,1,"[[3.0, 3.0, 0.0, 0], [4.0, 3.0, -1.5707963267948961, 1]]","[[5.0, 4.0, 0.0, 0], [7.0, 4.0, 0.0, 1]]","[[0.499999999925, 0.499999999925], [0.6955559435895, 0.8044440561854991]]",[1.0],[1.0],[0.39111188738766806],[0.608888112612331],,,0.787838597158335,0.7971675395965571,0,1,9,,
5,,,1,"[0, 0]",2.0839364528656,1,"[[5.0, 3.0, 0.0, 0], [6.0, 3.0, 1.5707963267948961, 1]]","[[7.0, 4.0, 0.0, 0], [7.0, 4.0, 1.5707963267948961, 1]]","[[0.499999999925, 0.499999999925], [0.7391111886279, 0.760888811147099]]",[1.0],[1.0],[0.47822237747753304],[0.5217776225224661],,,,,0,1,9,0.685994340570035,0.7085304260253901
6,,,1,"[0, 0]",1.7185015678405762,1,"[[6.0, 3.0, -1.5707963267948961, 0], [6.0, 2.0, -3.141592653589793, 1]]","[[7.0, 4.0, 1.5707963267948961, 0], [7.0, 4.0, 3.141592653589793, 1]]","[[0.499999999925, 0.499999999925], [0.7391111886279, 0.760888811147099]]",[1.0],[1.0],[0.47822237747753304],[0.5217776225224661],,,,,0,1,9,0.7427813527082071,0.615691900253295
7,,,1,"[0, 0]",1.88231348991394,1,"[[6.0, 1.0, -3.141592653589793, 0], [6.0, 1.0, -3.141592653589793, 1]]","[[7.0, 4.0, 3.141592653589793, 0], [7.0, 4.0, 1.5707963267948961, 1]]","[[0.499999999925, 0.499999999925], [0.7282223773683001, 0.7717776224066991]]",[1.0],[1.0],[0.45644475495506703],[0.543555245044932],,,,,0,1,9,0.685994340570035,0.8605108261108391
8,,,1,"[0, 0]",1.7224290370941162,1,"[[6.0, 1.0, -4.71238898038469, 0], [6.0, 3.0, -0.0, 1]]","[[7.0, 4.0, 1.5707963267948961, 0], [7.0, 5.0, 0.0, 1]]","[[0.499999999925, 0.499999999925], [0.7499631116368081, 0.750036888138191]]",[1.0],[1.0],[0.49992622349860605],[0.5000737765013931],,,,,0,1,9,0.685994340570035,0.5881493091583251
9,,,1,"[0, 0]",2.175140142440796,1,"[[6.0, 3.0, -3.141592653589793, 0], [6.0, 3.0, -3.141592653589793, 1]]","[[7.0, 5.0, 0.0, 0], [8.0, 5.0, 0.0, 1]]","[[0.499999999925, 0.499999999925], [0.728259265618991, 0.7717407341560081]]",[1.0],[1.0],[0.45651853145646104],[0.5434814685435381],,,,,0,1,9,0.7427813527082071,0.6993222236633301
0,0.9578262852211511,2.583720922470092,4,"[0, 0]",5.273233652114868,1,"[[1.0, 2.0, 0.0, 0], [3.0, 2.0, -1.5707963267948961, 1]]","[[1.0, 4.0, 0.0, 0], [1.0, 4.0, -1.5707963267948961, 1]]","[[0.499999999925, 0.499999999925], [0.8040013971772031, 0.695998602597797]]",[1.0],[1.0],[0.608002794595606],[0.39199720540439303],,,,,0,0,6,,
1,,,3,"[0, 0]",4.105939865112305,1,"[[3.0, 2.0, -1.5707963267948961, 0], [3.0, 2.0, -3.141592653589793, 1]]","[[3.0, 4.0, -1.5707963267948961, 0], [3.0, 4.0, -3.141592653589793, 1]]","[[0.499999999925, 0.499999999925], [0.7605937051415691, 0.7394062946334311]]",[1.0],[1.0],[0.521187410511316],[0.47881258948868305],0.9363291775690441,2.20836329460144,,,0,0,6,,
2,,,3,"[0, 0]",4.217945337295532,1,"[[3.0, 2.0, -3.141592653589793, 0], [2.0, 1.9999999999999991, -4.71238898038469, 1]]","[[3.0, 4.0, -1.5707963267948961, 0], [3.0, 2.0, -1.5707963267948961, 1]]","[[0.499999999925, 0.499999999925], [0.7279641596134611, 0.772035840161539]]",[1.0],[1.0],[0.45592831944531104],[0.544071680554688],0.9363291775690441,2.1893973350524902,,,0,0,6,,
3,,,3,"[0, 0]",5.424117803573608,1,"[[2.0, 1.9999999999999991, -4.71238898038469, 0], [1.9999999999999991, 4.0, -3.141592653589793, 1]]","[[3.0, 3.0, -3.141592653589793, 0], [2.0, 3.0, -1.5707963267948961, 1]]","[[0.499999999925, 0.499999999925], [0.7714087398997861, 0.728591259875213]]",[1.0],[1.0],[0.5428174800309951],[0.45718251996900405],0.8677218312746241,3.327050924301147,,,0,0,6,,
4,,,3,"[0, 0]",4.671354532241821,1,"[[1.9999999999999991, 4.0, -3.141592653589793, 0], [0.9999999999999991, 4.0, -4.71238898038469, 1]]","[[3.0, 3.0, -4.71238898038469, 0], [3.0, 3.0, -0.0, 1]]","[[0.499999999925, 0.499999999925], [0.7170384601031691, 0.78296153967183]]",[1.0],[1.0],[0.434076920421451],[0.565923079578548],0.883452208598772,2.526287794113159,,,0,0,6,,
5,,,3,"[0, 0]",4.693475246429443,1,"[[0.9999999999999991, 4.0, -4.71238898038469, 0], [0.9999999999999991, 4.0, -3.141592653589793, 1]]","[[3.0, 3.0, -4.71238898038469, 0], [3.0, 4.0, -0.0, 1]]","[[0.499999999925, 0.499999999925], [0.7170384601031691, 0.78296153967183]]",[1.0],[1.0],[0.434076920421451],[0.565923079578548],0.8677218312746241,2.702523946762085,,,0,0,6,,
6,,,3,"[0, 0]",5.250142574310303,1,"[[0.9999999999999991, 4.0, -3.141592653589793, 0], [0.9999999999999991, 4.0, -1.5707963267948961, 1]]","[[2.999999999999999, 5.0, -0.0, 0], [5.0, 5.0, -1.5707963267948961, 1]]","[[0.499999999925, 0.499999999925], [0.6844826910764441, 0.8155173086985551]]",[1.0],[1.0],[0.368965382358233],[0.631034617641766],0.8122769321068951,3.317275047302246,,,0,0,6,,
7,,,3,"[0, 0]",5.60062575340271,1,"[[0.9999999999999991, 4.0, -1.5707963267948961, 0], [0.9999999999999991, 2.0, -1.5707963267948961, 1]]","[[5.0, 5.0, 0.0, 0], [5.0, 5.0, -1.5707963267948961, 1]]","[[0.499999999925, 0.499999999925], [0.6844826910764441, 0.8155173086985551]]",[1.0],[1.0],[0.368965382358233],[0.631034617641766],0.9922778767136671,3.120216846466064,,,0,0,6,,
8,,,2,"[0, 0]",3.873082160949707,1,"[[0.9999999999999991, 2.0, -1.5707963267948961, 0], [0.9999999999999991, 1.0, -3.141592653589793, 1]]","[[7.0, 5.0, -1.5707963267948961, 0], [7.0, 3.0, -1.5707963267948961, 1]]","[[0.499999999925, 0.499999999925], [0.6302230760319011, 0.8697769237430981]]",[1.0],[1.0],[0.26044615225287004],[0.7395538477471291],,,0.937042571331636,2.042253255844116,0,0,6,,
9,,,1,"[0, 0]",2.286609411239624,1,"[[0.9999999999999991, 1.0, -3.141592653589793, 0], [0.9999999999999991, 1.0, -1.5707963267948961, 1]]","[[7.0, 3.0, 0.0, 0], [7.0, 3.0, 1.5707963267948961, 1]]","[[0.499999999925, 0.499999999925], [0.6302230760319011, 0.8697769237430981]]",[1.0],[1.0],[0.26044615225287004],[0.7395538477471291],,,,,0,0,6,0.7427813527082071,1.33792757987976
0,0.9578262852211511,1.027484655380249,4,"[0, 0]",3.637744426727295,1,"[[1.0, 2.0, 0.0, 0], [1.0, 2.0, -1.5707963267948961, 1]]","[[1.0, 4.0, 0.0, 0], [3.0, 4.0, -1.5707963267948961, 1]]","[[0.499999999925, 0.499999999925], [0.7170384601031691, 0.78296153967183]]",[1.0],[1.0],[0.434076920421451],[0.565923079578548],,,,,0,1,6,,
1,,,3,"[0, 0]",2.9226489067077632,1,"[[3.0, 2.0, -1.5707963267948961, 0], [3.0, 1.0, -1.5707963267948961, 1]]","[[3.0, 4.0, -1.5707963267948961, 0], [3.0, 4.0, -1.5707963267948961, 1]]","[[0.499999999925, 0.499999999925], [0.749704893881969, 0.7502951058930301]]",[1.0],[1.0],[0.49940978798884905],[0.5005902120111501],0.9363291775690441,0.8653292655944821,,,0,1,6,,
2,,,3,"[0, 0]",3.004098415374756,1,"[[3.0, 2.0, -3.141592653589793, 0], [2.0, 1.9999999999999991, -3.141592653589793, 1]]","[[3.0, 4.0, -1.5707963267948961, 0], [3.0, 3.0, -3.141592653589793, 1]]","[[0.499999999925, 0.499999999925], [0.7388160826223691, 0.76118391715263]]",[1.0],[1.0],[0.47763216546638304],[0.522367834533616],0.9363291775690441,0.9220256805419921,,,0,1,6,,
3,,,3,"[0, 0]",3.5527656078338623,1,"[[2.0, 1.9999999999999991, -4.71238898038469, 0], [2.0, 1.9999999999999991, -0.0, 1]]","[[3.0, 3.0, -3.141592653589793, 0], [3.0, 3.0, -4.71238898038469, 1]]","[[0.499999999925, 0.499999999925], [0.7388160826223691, 0.76118391715263]]",[1.0],[1.0],[0.47763216546638304],[0.522367834533616],0.8677218312746241,0.9029462337493891,,,0,1,6,,
4,,,3,"[0, 0]",4.756775856018066,1,"[[1.9999999999999991, 4.0, -3.141592653589793, 0], [1.9999999999999991, 4.0, -1.5707963267948961, 1]]","[[3.0, 3.0, -4.71238898038469, 0], [3.0, 3.0, -4.71238898038469, 1]]","[[0.499999999925, 0.499999999925], [0.749704893881969, 0.7502951058930301]]",[1.0],[1.0],[0.49940978798884905],[0.5005902120111501],0.883452208598772,1.043158054351806,,,0,1,6,,
5,,,3,"[0, 0]",3.477946281433105,1,"[[0.9999999999999991, 4.0, -4.71238898038469, 0], [0.9999999999999991, 5.0, -4.71238898038469, 1]]","[[3.0, 3.0, -4.71238898038469, 0], [2.999999999999999, 5.0, -0.0, 1]]","[[0.499999999925, 0.499999999925], [0.7170384601031691, 0.78296153967183]]",[1.0],[1.0],[0.434076920421451],[0.565923079578548],0.8677218312746241,0.976469993591308,,,0,1,6,,
6,,,3,"[0, 0]",3.148591756820678,1,"[[0.9999999999999991, 4.0, -3.141592653589793, 0], [0.9999999999999991, 4.0, -1.5707963267948961, 1]]","[[2.999999999999999, 5.0, -0.0, 0], [5.0, 5.0, 0.0, 1]]","[[0.499999999925, 0.499999999925], [0.6844826910764441, 0.8155173086985551]]",[1.0],[1.0],[0.368965382358233],[0.631034617641766],0.8122769321068951,1.104104995727539,,,0,1,6,,
7,,,3,"[0, 0]",3.8117401599884033,1,"[[0.9999999999999991, 4.0, -1.5707963267948961, 0], [0.9999999999999991, 4.0, -3.141592653589793, 1]]","[[5.0, 5.0, 0.0, 0], [7.0, 5.0, -1.5707963267948961, 1]]","[[0.499999999925, 0.499999999925], [0.64107499904081, 0.8589250007341891]]",[1.0],[1.0],[0.28214999827394305],[0.7178500017260561],0.9922778767136671,1.147177934646606,,,0,1,6,,
8,,,2,"[0, 0]",2.250491380691528,1,"[[0.9999999999999991, 2.0, -1.5707963267948961, 0], [0.9999999999999991, 1.0, -1.5707963267948961, 1]]","[[7.0, 5.0, -1.5707963267948961, 0], [7.0, 3.0, 0.0, 1]]","[[0.499999999925, 0.499999999925], [0.6302230760319011, 0.8697769237430981]]",[1.0],[1.0],[0.26044615225287004],[0.7395538477471291],,,0.937042571331636,0.772584676742553,0,1,6,,
9,,,1,"[0, 0]",1.539797067642212,1,"[[0.9999999999999991, 1.0, -3.141592653589793, 0], [0.9999999999999991, 1.0, -1.5707963267948961, 1]]","[[7.0, 3.0, 0.0, 0], [9.0, 3.0, 0.0, 1]]","[[0.499999999925, 0.499999999925], [0.5868153839962671, 0.9131846157787321]]",[1.0],[1.0],[0.17363076816858],[0.8263692318314191],,,,,0,1,6,0.7427813527082071,0.64479112625122
0,0.9578262852211511,3.399779319763183,4,"[0, 0]",13.149442195892334,1,"[[1.0, 2.0, 0.0, 0], [2.0, 2.0, 1.5707963267948961, 1]]","[[1.0, 4.0, 0.0, 0], [3.0, 4.0, 0.0, 1]]","[[0.499999999925, 0.499999999925], [0.7388160826223691, 0.76118391715263]]",[1.0],[1.0],[0.47763216546638304],[0.522367834533616],,,,,0,0,3,,
1,,,3,"[0, 0]",4.980326414108276,1,"[[2.0, 2.0, 1.5707963267948961, 0], [2.0, 4.0, 1.5707963267948961, 1]]","[[3.0, 4.0, -1.5707963267948961, 0], [3.0, 3.0, -1.5707963267948961, 1]]","[[0.499999999925, 0.499999999925], [0.749704893881969, 0.7502951058930301]]",[1.0],[1.0],[0.49940978798884905],[0.5005902120111501],0.843274042711567,2.588932037353515,,,0,0,3,,
2,,,3,"[0, 0]",4.388587951660156,1,"[[2.0, 4.0, 1.5707963267948961, 0], [2.0, 5.0, 0.0, 1]]","[[3.0, 3.0, 0.0, 0], [4.0, 3.0, -1.5707963267948961, 1]]","[[0.499999999925, 0.499999999925], [0.7280010478641521, 0.7719989519108471]]",[1.0],[1.0],[0.45600209594670404],[0.5439979040532951],0.883452208598772,2.252308845520019,,,0,0,3,,
3,,,3,"[0, 0]",4.364244222640991,1,"[[2.0, 5.0, 0.0, 0], [3.0, 5.0, -1.5707963267948961, 1]]","[[3.0, 3.0, 0.0, 0], [3.0, 3.0, 0.0, 1]]","[[0.499999999925, 0.499999999925], [0.771482516401168, 0.728517483373831]]",[1.0],[1.0],[0.5429650330337821],[0.45703496696621704],0.8888888888888881,2.20484972000122,,,0,0,3,,
4,,,2,"[0, 0]",3.315197229385376,1,"[[3.0, 5.0, -1.5707963267948961, 0], [3.0, 5.0, -3.141592653589793, 1]]","[[5.0, 3.0, -1.5707963267948961, 0], [5.0, 3.0, -3.141592653589793, 1]]","[[0.499999999925, 0.499999999925], [0.7280748243655351, 0.771925175409465]]",[1.0],[1.0],[0.45614964894949206],[0.543850351050507],,,0.824163383692134,1.723805904388427,0,0,3,,
5,,,2,"[0, 0]",3.143935203552246,1,"[[3.0, 5.0, -3.141592653589793, 0], [1.0, 5.0, -4.71238898038469, 1]]","[[5.0, 2.0, -1.5707963267948961, 0], [5.0, 2.0, -1.5707963267948961, 1]]","[[0.499999999925, 0.499999999925], [0.662778845058627, 0.837221154716372]]",[1.0],[1.0],[0.325557690316088],[0.6744423096839111],,,0.848528137423857,1.769035816192627,0,0,3,,
6,,,2,"[0, 0]",2.988241195678711,1,"[[1.0, 5.0, -4.71238898038469, 0], [1.0, 5.0, -3.141592653589793, 1]]","[[5.0, 2.0, -1.5707963267948961, 0], [5.0, 2.0, -3.141592653589793, 1]]","[[0.499999999925, 0.499999999925], [0.662778845058627, 0.837221154716372]]",[1.0],[1.0],[0.325557690316088],[0.6744423096839111],,,0.848528137423857,1.8423452377319331,0,0,3,,
7,,,2,"[0, 0]",3.014681577682495,1,"[[1.0, 5.0, -3.141592653589793, 0], [0.0, 5.0, -4.71238898038469, 1]]","[[5.0, 2.0, -1.5707963267948961, 0], [5.0, 2.0, -3.141592653589793, 1]]","[[0.499999999925, 0.499999999925], [0.662778845058627, 0.837221154716372]]",[1.0],[1.0],[0.325557690316088],[0.6744423096839111],,,0.848528137423857,1.762155532836914,0,0,3,,
8,,,2,"[0, 0]",2.761644601821899,1,"[[0.0, 5.0, -4.71238898038469, 0], [0.0, 5.0, -0.0, 1]]","[[5.0, 1.0, -1.5707963267948961, 0], [5.0, 1.0, -1.5707963267948961, 1]]","[[0.499999999925, 0.499999999925], [0.662778845058627, 0.837221154716372]]",[1.0],[1.0],[0.325557690316088],[0.6744423096839111],,,0.8571428571428571,1.7906122207641602,0,0,3,,
9,,,2,"[0, 0]",3.057658672332763,1,"[[0.0, 5.0, -0.0, 0], [2.0, 5.0, -1.5707963267948961, 1]]","[[5.0, 1.0, -1.5707963267948961, 0], [5.0, 1.0, -3.141592653589793, 1]]","[[0.499999999925, 0.499999999925], [0.695445278837426, 0.8045547209375731]]",[1.0],[1.0],[0.39089055788348703],[0.6091094421165121],,,0.8571428571428571,1.751758098602295,0,0,3,,
0,0.9578262852211511,1.21483826637268,4,"[0, 0]",4.456012964248657,1,"[[1.0, 2.0, 0.0, 0], [1.0, 2.0, -1.5707963267948961, 1]]","[[1.0, 4.0, 0.0, 0], [3.0, 4.0, -1.5707963267948961, 1]]","[[0.499999999925, 0.499999999925], [0.7170384601031691, 0.78296153967183]]",[1.0],[1.0],[0.434076920421451],[0.565923079578548],,,,,0,1,3,,
1,,,3,"[0, 0]",3.431552410125732,1,"[[2.0, 2.0, 1.5707963267948961, 0], [2.0, 3.0, 3.141592653589793, 1]]","[[3.0, 4.0, -1.5707963267948961, 0], [3.0, 3.0, 0.0, 1]]","[[0.499999999925, 0.499999999925], [0.7388160826223691, 0.76118391715263]]",[1.0],[1.0],[0.47763216546638304],[0.522367834533616],0.843274042711567,0.9401803016662591,,,0,1,3,,
2,,,3,"[0, 0]",2.954137802124023,1,"[[2.0, 4.0, 1.5707963267948961, 0], [2.0, 4.0, 1.5707963267948961, 1]]","[[3.0, 3.0, 0.0, 0], [3.0, 3.0, 0.0, 1]]","[[0.499999999925, 0.499999999925], [0.749704893881969, 0.7502951058930301]]",[1.0],[1.0],[0.49940978798884905],[0.5005902120111501],0.883452208598772,0.8665118217468261,,,0,1,3,,
3,,,3,"[0, 0]",3.059457540512085,1,"[[2.0, 5.0, 0.0, 0], [4.0, 5.0, 1.5707963267948961, 1]]","[[3.0, 3.0, 0.0, 0], [5.0, 3.0, -1.5707963267948961, 1]]","[[0.499999999925, 0.499999999925], [0.7498524468847341, 0.750147552890265]]",[1.0],[1.0],[0.499704893994425],[0.500295106005575],0.8888888888888881,0.9126336574554441,,,0,1,3,,
4,,,2,"[0, 0]",2.408765316009521,1,"[[3.0, 5.0, -1.5707963267948961, 0], [3.0, 5.0, -3.141592653589793, 1]]","[[5.0, 3.0, -1.5707963267948961, 0], [5.0, 2.0, -1.5707963267948961, 1]]","[[0.499999999925, 0.499999999925], [0.717222901356626, 0.7827770984183731]]",[1.0],[1.0],[0.43444580292841906],[0.5655541970715801],,,0.824163383692134,0.731414318084716,0,1,3,,
5,,,2,"[0, 0]",2.142069339752197,1,"[[3.0, 5.0, -3.141592653589793, 0], [1.0, 5.0, -1.5707963267948961, 1]]","[[5.0, 2.0, -1.5707963267948961, 0], [5.0, 2.0, -1.5707963267948961, 1]]","[[0.499999999925, 0.499999999925], [0.662778845058627, 0.837221154716372]]",[1.0],[1.0],[0.325557690316088],[0.6744423096839111],,,0.848528137423857,0.753714323043823,0,1,3,,
6,,,2,"[0, 0]",1.9130287170410152,1,"[[1.0, 5.0, -4.71238898038469, 0], [1.0, 5.0, -4.71238898038469, 1]]","[[5.0, 2.0, -1.5707963267948961, 0], [5.0, 2.0, -1.5707963267948961, 1]]","[[0.499999999925, 0.499999999925], [0.662778845058627, 0.837221154716372]]",[1.0],[1.0],[0.325557690316088],[0.6744423096839111],,,0.848528137423857,0.7060968875885011,0,1,3,,
7,,,2,"[0, 0]",1.975329637527465,1,"[[1.0, 5.0, -3.141592653589793, 0], [0.0, 5.0, -3.141592653589793, 1]]","[[5.0, 2.0, -1.5707963267948961, 0], [5.0, 1.0, -1.5707963267948961, 1]]","[[0.499999999925, 0.499999999925], [0.662778845058627, 0.837221154716372]]",[1.0],[1.0],[0.325557690316088],[0.6744423096839111],,,0.848528137423857,0.7013802528381341,0,1,3,,
8,,,2,"[0, 0]",1.718259334564209,1,"[[0.0, 5.0, -4.71238898038469, 0], [0.0, 5.0, -4.71238898038469, 1]]","[[5.0, 1.0, -1.5707963267948961, 0], [5.0, 1.0, -1.5707963267948961, 1]]","[[0.499999999925, 0.499999999925], [0.662778845058627, 0.837221154716372]]",[1.0],[1.0],[0.325557690316088],[0.6744423096839111],,,0.8571428571428571,0.7284412384033201,0,1,3,,
9,,,2,"[0, 0]",1.9827237129211421,1,"[[0.0, 5.0, -0.0, 0], [1.0, 5.0, 0.0, 1]]","[[5.0, 1.0, -1.5707963267948961, 0], [5.0, 1.0, -1.5707963267948961, 1]]","[[0.499999999925, 0.499999999925], [0.662778845058627, 0.837221154716372]]",[1.0],[1.0],[0.325557690316088],[0.6744423096839111],,,0.8571428571428571,0.7660191059112541,0,1,3,,
